post_content,time_of_post,followers,num_posts,account_type,likes,shares,comments,account_age,past_history,platform,cyber_attack
Sample post content 0,2022-10-16 06:55:48,7065,79,government,22,0,56,2253,0,Instagram,0
Sample post content 1,2023-07-13 06:55:48,1980,446,business,134,67,147,1327,0,Facebook,1
Sample post content 2,2023-08-27 06:55:48,9022,47,personal,225,94,32,3142,0,Twitter,0
Sample post content 3,2023-04-21 06:55:48,3783,241,business,238,6,13,26,1,Twitter,1
Sample post content 4,2023-05-06 06:55:48,2541,98,business,134,70,134,467,0,Instagram,0
Sample post content 5,2023-05-17 06:55:48,4452,470,business,115,55,108,2810,0,Facebook,0
Sample post content 6,2023-06-29 06:55:48,2430,375,government,428,74,122,1366,1,Instagram,0
Sample post content 7,2023-07-18 06:55:48,1269,237,business,137,61,138,1399,0,Twitter,1
Sample post content 8,2022-09-27 06:55:48,1077,54,business,288,65,8,1623,1,Facebook,0
Sample post content 9,2022-12-03 06:55:48,2818,424,other,31,99,128,2968,0,Facebook,1
Sample post content 10,2023-07-26 06:55:48,5139,359,business,77,22,88,2331,1,Instagram,1
Sample post content 11,2022-11-10 06:55:48,9849,442,other,385,88,100,2524,0,Twitter,1
Sample post content 12,2023-02-04 06:55:48,9425,173,government,356,74,44,120,1,Instagram,0
Sample post content 13,2023-08-23 06:55:48,4828,351,other,341,22,117,3409,0,Instagram,1
Sample post content 14,2023-08-24 06:55:48,7295,187,business,49,93,30,720,0,Facebook,0
Sample post content 15,2023-07-23 06:55:48,2137,373,personal,43,16,132,795,0,Facebook,1
Sample post content 16,2023-05-20 06:55:48,7779,43,business,342,13,117,1354,0,Twitter,1
Sample post content 17,2023-05-12 06:55:48,5082,291,personal,176,49,80,3416,1,Instagram,0
Sample post content 18,2022-12-24 06:55:48,6694,287,other,413,84,2,1385,0,Facebook,1
Sample post content 19,2022-11-04 06:55:48,4560,158,government,277,76,3,2755,0,Instagram,1
Sample post content 20,2023-08-26 06:55:48,8299,466,personal,211,77,53,1963,1,Facebook,0
Sample post content 21,2022-11-25 06:55:48,8947,163,government,497,41,97,1944,0,Instagram,1
Sample post content 22,2023-05-30 06:55:48,8190,445,government,387,64,148,3266,0,Facebook,0
Sample post content 23,2022-10-11 06:55:48,7272,90,government,301,49,25,146,0,Facebook,0
Sample post content 24,2022-09-14 06:55:48,1417,374,business,116,53,83,2645,0,Twitter,1
Sample post content 25,2022-12-03 06:55:48,9898,373,personal,283,77,92,557,0,Twitter,0
Sample post content 26,2023-02-06 06:55:48,753,484,personal,31,88,66,1973,1,Twitter,1
Sample post content 27,2023-05-19 06:55:48,7178,368,government,430,97,47,637,1,Facebook,1
Sample post content 28,2023-01-22 06:55:48,5380,336,personal,198,31,140,2570,1,Twitter,1
Sample post content 29,2022-11-11 06:55:48,9991,99,government,419,35,67,1887,0,Facebook,0
Sample post content 30,2023-04-19 06:55:48,4202,416,other,267,50,60,3544,0,Twitter,1
Sample post content 31,2023-09-05 06:55:48,523,195,business,214,43,68,2200,0,Instagram,1
Sample post content 32,2023-06-19 06:55:48,1596,270,other,494,37,120,1373,1,Facebook,1
Sample post content 33,2022-09-16 06:55:48,3850,124,business,274,57,87,1895,1,Facebook,1
Sample post content 34,2023-02-04 06:55:48,9524,72,government,351,17,93,3212,1,Instagram,1
Sample post content 35,2023-03-18 06:55:48,9719,112,government,443,17,47,3335,0,Facebook,0
Sample post content 36,2023-04-19 06:55:48,439,415,business,479,52,127,1696,0,Facebook,0
Sample post content 37,2023-06-21 06:55:48,4515,81,government,243,77,108,3042,0,Twitter,0
Sample post content 38,2023-05-21 06:55:48,9541,131,business,293,89,53,230,0,Instagram,0
Sample post content 39,2023-03-20 06:55:48,759,414,personal,451,95,107,3421,1,Twitter,1
Sample post content 40,2023-07-18 06:55:48,2970,262,government,120,65,95,2135,0,Facebook,1
Sample post content 41,2023-07-23 06:55:48,7808,23,personal,243,38,93,1227,1,Twitter,1
Sample post content 42,2023-02-26 06:55:48,8602,194,other,153,89,102,2315,1,Twitter,0
Sample post content 43,2023-07-21 06:55:48,7345,293,other,40,70,71,2970,1,Instagram,1
Sample post content 44,2023-03-09 06:55:48,4657,303,other,202,40,115,2778,0,Instagram,0
Sample post content 45,2023-03-16 06:55:48,3073,198,government,462,91,46,1293,0,Instagram,1
Sample post content 46,2022-11-03 06:55:48,9690,249,other,437,94,146,2275,0,Facebook,0
Sample post content 47,2023-04-26 06:55:48,7241,421,personal,365,70,33,2195,0,Facebook,1
Sample post content 48,2023-08-17 06:55:48,8156,292,other,17,80,147,77,0,Twitter,0
Sample post content 49,2023-01-16 06:55:48,1594,76,personal,257,27,58,854,1,Instagram,1
Sample post content 50,2022-12-08 06:55:48,7800,323,personal,292,25,25,2366,0,Twitter,1
Sample post content 51,2023-07-07 06:55:48,5800,462,personal,461,26,69,2808,1,Instagram,1
Sample post content 52,2023-02-27 06:55:48,6790,54,government,264,79,60,1359,0,Twitter,0
Sample post content 53,2023-07-30 06:55:48,5560,43,personal,409,91,142,3275,1,Instagram,0
Sample post content 54,2022-11-30 06:55:48,5360,168,personal,292,37,110,3638,0,Twitter,0
Sample post content 55,2023-04-11 06:55:48,1813,213,personal,346,87,97,3260,0,Facebook,0
Sample post content 56,2022-10-22 06:55:48,2734,377,business,317,44,50,1449,0,Twitter,0
Sample post content 57,2022-10-27 06:55:48,5503,378,personal,75,86,37,272,0,Twitter,1
Sample post content 58,2023-03-07 06:55:48,6844,255,government,61,16,38,612,1,Twitter,0
Sample post content 59,2022-11-17 06:55:48,8217,279,other,486,90,121,1149,1,Instagram,0
Sample post content 60,2023-06-02 06:55:48,4822,220,other,387,83,2,3444,0,Twitter,0
Sample post content 61,2022-09-13 06:55:48,6661,403,government,229,22,45,128,0,Facebook,0
Sample post content 62,2023-08-04 06:55:48,9112,219,personal,88,64,107,1390,0,Instagram,1
Sample post content 63,2023-08-16 06:55:48,701,431,government,485,69,127,1537,0,Twitter,1
Sample post content 64,2022-10-05 06:55:48,7551,304,business,85,88,34,2567,1,Twitter,0
Sample post content 65,2023-05-15 06:55:48,1542,47,personal,497,81,132,2189,1,Twitter,0
Sample post content 66,2023-04-13 06:55:48,5253,74,government,108,41,136,3451,0,Facebook,1
Sample post content 67,2023-07-30 06:55:48,4235,172,government,413,90,80,680,1,Instagram,0
Sample post content 68,2023-05-12 06:55:48,5396,338,business,98,14,124,2339,1,Facebook,1
Sample post content 69,2023-07-19 06:55:48,1999,47,government,64,97,76,2481,1,Facebook,0
Sample post content 70,2023-02-26 06:55:48,6722,240,government,21,45,64,1596,1,Twitter,1
Sample post content 71,2023-04-19 06:55:48,8531,248,business,216,71,143,768,0,Facebook,0
Sample post content 72,2023-01-19 06:55:48,118,358,other,40,61,145,2438,0,Twitter,0
Sample post content 73,2022-10-18 06:55:48,8989,274,personal,349,74,12,479,0,Twitter,1
Sample post content 74,2023-03-06 06:55:48,7669,186,other,222,73,101,3542,0,Facebook,1
Sample post content 75,2023-06-17 06:55:48,6870,75,government,103,85,25,3205,0,Facebook,1
Sample post content 76,2023-03-03 06:55:48,988,459,personal,421,90,41,3079,0,Instagram,0
Sample post content 77,2023-03-11 06:55:48,3173,434,government,321,53,15,1263,1,Instagram,0
Sample post content 78,2023-05-24 06:55:48,8594,409,business,75,86,55,2889,0,Instagram,0
Sample post content 79,2022-09-30 06:55:48,6027,292,business,427,95,65,3514,0,Instagram,1
Sample post content 80,2023-04-25 06:55:48,8267,337,other,304,68,121,1289,0,Twitter,1
Sample post content 81,2022-09-14 06:55:48,7342,310,personal,132,36,24,2908,1,Instagram,0
Sample post content 82,2022-09-24 06:55:48,945,103,other,163,54,115,130,1,Instagram,1
Sample post content 83,2022-10-12 06:55:48,3435,403,business,466,1,85,1113,1,Twitter,0
Sample post content 84,2023-08-03 06:55:48,4475,76,personal,372,66,66,1696,0,Instagram,0
Sample post content 85,2022-11-01 06:55:48,9098,231,government,468,13,92,356,1,Instagram,0
Sample post content 86,2022-10-18 06:55:48,2246,267,business,413,3,92,2036,0,Facebook,1
Sample post content 87,2023-06-13 06:55:48,4819,476,other,34,48,143,3593,0,Facebook,1
Sample post content 88,2022-12-09 06:55:48,7278,454,personal,44,18,142,974,1,Twitter,1
Sample post content 89,2023-05-06 06:55:48,8041,38,other,198,6,65,1523,0,Twitter,0
Sample post content 90,2023-06-17 06:55:48,2089,435,government,284,85,88,1852,0,Twitter,1
Sample post content 91,2023-01-15 06:55:48,572,73,personal,203,7,5,3398,0,Instagram,0
Sample post content 92,2023-02-26 06:55:48,4020,275,business,282,25,105,1240,1,Facebook,1
Sample post content 93,2023-04-23 06:55:48,2694,88,business,166,34,31,886,0,Twitter,1
Sample post content 94,2022-10-16 06:55:48,5191,165,business,438,96,89,2151,1,Twitter,0
Sample post content 95,2022-09-21 06:55:48,9124,94,government,141,100,50,1239,0,Facebook,0
Sample post content 96,2022-11-27 06:55:48,324,92,government,266,20,147,717,0,Facebook,0
Sample post content 97,2023-05-19 06:55:48,9148,175,personal,234,36,147,460,1,Facebook,1
Sample post content 98,2022-09-23 06:55:48,6784,488,other,469,87,137,1533,1,Instagram,0
Sample post content 99,2023-03-26 06:55:48,1627,373,government,447,32,44,3216,0,Twitter,1
Sample post content 100,2023-08-11 06:55:48,3781,125,business,6,18,72,154,1,Twitter,0
Sample post content 101,2023-05-14 06:55:48,1958,187,other,402,7,90,3186,0,Instagram,1
Sample post content 102,2023-08-23 06:55:48,7660,495,other,358,88,83,828,0,Instagram,1
Sample post content 103,2023-03-31 06:55:48,2024,491,other,319,100,130,380,1,Instagram,1
Sample post content 104,2023-02-15 06:55:48,2622,275,other,300,37,124,1818,0,Instagram,1
Sample post content 105,2023-04-24 06:55:48,8265,468,personal,267,26,114,2073,1,Facebook,0
Sample post content 106,2023-08-06 06:55:48,4881,155,other,400,96,20,103,1,Facebook,0
Sample post content 107,2023-05-23 06:55:48,8437,443,government,214,69,97,3273,0,Twitter,1
Sample post content 108,2022-11-22 06:55:48,4579,50,government,57,4,73,1977,1,Facebook,1
Sample post content 109,2023-03-31 06:55:48,6907,138,business,212,45,118,2049,0,Twitter,1
Sample post content 110,2023-05-23 06:55:48,8005,110,other,76,57,37,632,1,Facebook,1
Sample post content 111,2022-10-08 06:55:48,7836,335,government,75,13,42,780,1,Facebook,1
Sample post content 112,2022-12-27 06:55:48,4093,499,business,290,78,86,1394,0,Twitter,0
Sample post content 113,2023-02-18 06:55:48,7583,292,government,301,86,107,1981,1,Facebook,1
Sample post content 114,2022-10-14 06:55:48,9131,150,government,298,94,146,3001,0,Twitter,0
Sample post content 115,2023-01-17 06:55:48,2469,74,personal,388,71,103,3580,0,Facebook,0
Sample post content 116,2023-06-27 06:55:48,6384,330,other,493,28,18,2145,0,Facebook,1
Sample post content 117,2023-04-26 06:55:48,3222,165,personal,481,95,20,1272,1,Twitter,1
Sample post content 118,2023-06-29 06:55:48,9920,324,personal,51,82,41,3177,0,Facebook,1
Sample post content 119,2023-05-05 06:55:48,8427,283,personal,473,71,87,1341,0,Twitter,0
Sample post content 120,2022-11-25 06:55:48,2336,57,other,54,49,58,587,1,Facebook,0
Sample post content 121,2022-12-07 06:55:48,1243,267,other,288,30,80,3152,1,Instagram,1
Sample post content 122,2023-04-27 06:55:48,4626,338,other,399,65,81,3571,1,Instagram,0
Sample post content 123,2022-11-13 06:55:48,6898,96,business,51,100,74,403,0,Facebook,0
Sample post content 124,2023-02-01 06:55:48,5668,313,government,402,89,68,3368,1,Instagram,0
Sample post content 125,2022-11-14 06:55:48,8418,492,government,146,36,101,2115,0,Instagram,1
Sample post content 126,2023-02-16 06:55:48,4477,307,other,444,88,69,2772,1,Facebook,1
Sample post content 127,2023-03-07 06:55:48,142,88,government,274,85,113,544,0,Facebook,0
Sample post content 128,2023-05-19 06:55:48,4734,97,government,450,6,92,841,0,Twitter,0
Sample post content 129,2023-06-30 06:55:48,4991,347,business,176,48,150,2968,0,Facebook,1
Sample post content 130,2022-12-22 06:55:48,9716,329,government,449,49,133,150,0,Twitter,1
Sample post content 131,2022-12-30 06:55:48,9601,378,other,210,53,115,1882,1,Instagram,0
Sample post content 132,2023-07-24 06:55:48,8122,471,government,135,100,105,1588,1,Twitter,1
Sample post content 133,2023-08-15 06:55:48,2534,319,personal,196,87,42,2924,0,Instagram,0
Sample post content 134,2023-07-14 06:55:48,7416,182,government,335,40,47,3543,1,Instagram,0
Sample post content 135,2023-06-22 06:55:48,8924,441,business,248,70,5,2140,1,Twitter,1
Sample post content 136,2022-10-22 06:55:48,8035,483,personal,292,6,32,475,1,Twitter,1
Sample post content 137,2023-06-19 06:55:48,5754,298,personal,311,1,60,17,0,Facebook,1
Sample post content 138,2022-09-25 06:55:48,5546,31,personal,242,95,64,1274,1,Facebook,0
Sample post content 139,2023-02-04 06:55:48,9142,432,government,19,32,20,181,0,Facebook,1
Sample post content 140,2022-11-07 06:55:48,9003,452,government,88,25,53,2815,0,Instagram,0
Sample post content 141,2023-08-07 06:55:48,6280,24,government,141,79,42,3474,1,Facebook,0
Sample post content 142,2023-02-23 06:55:48,7560,51,other,206,99,101,2435,1,Facebook,1
Sample post content 143,2023-02-25 06:55:48,5372,33,business,73,56,26,3572,0,Facebook,0
Sample post content 144,2022-11-07 06:55:48,3190,495,government,316,28,24,357,0,Facebook,0
Sample post content 145,2023-01-12 06:55:48,4012,338,other,311,81,16,1366,0,Instagram,1
Sample post content 146,2022-12-12 06:55:48,9468,404,business,348,90,121,1913,1,Instagram,1
Sample post content 147,2023-05-03 06:55:48,6374,305,personal,355,90,140,3643,0,Facebook,1
Sample post content 148,2022-11-29 06:55:48,3926,145,government,205,82,13,189,0,Facebook,1
Sample post content 149,2023-09-03 06:55:48,6830,343,business,19,47,6,423,1,Instagram,0
Sample post content 150,2022-09-25 06:55:48,815,117,personal,202,96,101,2133,0,Twitter,1
Sample post content 151,2023-07-12 06:55:48,5313,402,government,455,75,134,3139,1,Instagram,0
Sample post content 152,2022-09-24 06:55:48,7849,302,business,450,69,21,2700,1,Facebook,0
Sample post content 153,2022-12-08 06:55:48,6346,223,other,169,94,26,3054,1,Instagram,1
Sample post content 154,2023-04-25 06:55:48,6425,326,business,353,77,67,1280,0,Instagram,0
Sample post content 155,2022-10-15 06:55:48,2592,337,personal,121,25,39,93,1,Twitter,0
Sample post content 156,2023-03-18 06:55:48,8215,25,personal,25,99,21,2366,1,Facebook,1
Sample post content 157,2023-07-13 06:55:48,706,264,business,381,92,99,3107,0,Instagram,1
Sample post content 158,2023-04-11 06:55:48,2168,465,business,243,24,79,1279,0,Twitter,1
Sample post content 159,2023-01-29 06:55:48,8329,331,other,471,37,58,2617,0,Instagram,1
Sample post content 160,2023-06-20 06:55:48,9769,289,personal,137,57,63,860,1,Instagram,0
Sample post content 161,2023-01-19 06:55:48,5539,158,business,459,22,72,1315,0,Facebook,0
Sample post content 162,2023-09-07 06:55:48,1744,338,business,190,87,113,822,0,Instagram,0
Sample post content 163,2023-04-27 06:55:48,7313,499,personal,10,9,32,789,1,Facebook,1
Sample post content 164,2022-12-26 06:55:48,1733,164,other,172,23,33,1174,1,Instagram,0
Sample post content 165,2023-06-09 06:55:48,8717,257,business,418,22,134,1134,0,Instagram,1
Sample post content 166,2022-12-23 06:55:48,7586,135,other,406,94,43,2181,0,Twitter,1
Sample post content 167,2023-07-16 06:55:48,351,422,personal,155,65,7,1308,0,Twitter,0
Sample post content 168,2022-10-23 06:55:48,2461,423,personal,159,15,8,3166,1,Instagram,0
Sample post content 169,2023-04-09 06:55:48,6817,360,business,143,48,91,1807,1,Twitter,0
Sample post content 170,2022-10-16 06:55:48,2629,217,government,431,5,83,2749,0,Instagram,0
Sample post content 171,2022-12-23 06:55:48,1325,162,government,251,54,121,482,1,Facebook,0
Sample post content 172,2022-11-01 06:55:48,7792,242,personal,439,35,119,1117,0,Twitter,1
Sample post content 173,2023-05-30 06:55:48,4442,47,personal,356,71,138,612,1,Facebook,0
Sample post content 174,2023-06-22 06:55:48,5646,362,government,350,33,69,646,1,Twitter,1
Sample post content 175,2023-03-01 06:55:48,6612,40,government,50,16,140,1121,0,Facebook,0
Sample post content 176,2023-06-18 06:55:48,1415,90,other,497,20,113,469,1,Facebook,0
Sample post content 177,2022-12-06 06:55:48,5483,235,other,444,74,34,63,0,Facebook,0
Sample post content 178,2022-12-11 06:55:48,8842,222,personal,116,32,138,2552,1,Facebook,1
Sample post content 179,2023-09-08 06:55:48,6326,257,business,68,0,45,2293,1,Instagram,0
Sample post content 180,2022-11-06 06:55:48,5288,247,other,153,42,116,2106,0,Instagram,1
Sample post content 181,2023-03-27 06:55:48,8094,114,government,498,59,144,420,0,Twitter,1
Sample post content 182,2023-01-01 06:55:48,8964,184,government,380,90,111,847,1,Instagram,0
Sample post content 183,2023-08-30 06:55:48,688,320,other,226,19,134,2223,1,Facebook,0
Sample post content 184,2023-07-13 06:55:48,1221,83,personal,396,5,136,1435,0,Instagram,0
Sample post content 185,2023-03-07 06:55:48,3946,170,government,422,19,79,2251,1,Instagram,0
Sample post content 186,2023-04-04 06:55:48,4808,451,government,164,41,88,1305,1,Instagram,1
Sample post content 187,2023-05-09 06:55:48,3827,377,personal,137,76,123,1111,1,Instagram,0
Sample post content 188,2023-08-10 06:55:48,1580,173,business,373,6,138,580,0,Twitter,0
Sample post content 189,2023-05-08 06:55:48,7210,385,business,213,99,58,2886,0,Twitter,1
Sample post content 190,2022-11-22 06:55:48,1712,450,personal,309,80,22,3294,1,Twitter,1
Sample post content 191,2023-07-30 06:55:48,1746,186,personal,330,78,113,1161,0,Instagram,1
Sample post content 192,2023-07-27 06:55:48,7369,214,business,45,84,78,2352,1,Instagram,0
Sample post content 193,2023-01-03 06:55:48,2825,76,business,96,38,93,1003,0,Twitter,0
Sample post content 194,2023-08-04 06:55:48,5006,399,other,226,62,105,702,0,Twitter,0
Sample post content 195,2022-12-10 06:55:48,574,199,business,108,73,66,292,1,Facebook,1
Sample post content 196,2023-07-06 06:55:48,853,273,other,467,70,39,1276,1,Twitter,0
Sample post content 197,2023-07-05 06:55:48,5414,297,government,421,45,77,2512,1,Twitter,0
Sample post content 198,2022-10-06 06:55:48,1019,64,business,208,9,2,1388,0,Instagram,1
Sample post content 199,2023-01-08 06:55:48,4906,173,government,379,100,0,2215,1,Instagram,0
Sample post content 200,2022-12-01 06:55:48,5973,133,business,248,90,133,1818,1,Facebook,0
Sample post content 201,2023-06-16 06:55:48,6241,248,personal,388,40,34,208,0,Twitter,0
Sample post content 202,2023-04-26 06:55:48,7156,72,personal,264,67,88,533,0,Instagram,0
Sample post content 203,2022-12-12 06:55:48,2485,146,business,444,28,73,119,0,Twitter,1
Sample post content 204,2022-11-02 06:55:48,4100,240,other,191,23,120,1929,0,Facebook,0
Sample post content 205,2023-02-04 06:55:48,8802,136,business,420,66,136,2767,1,Twitter,0
Sample post content 206,2023-05-23 06:55:48,6851,82,other,28,8,2,207,0,Instagram,1
Sample post content 207,2022-12-06 06:55:48,9372,59,business,263,100,125,434,0,Instagram,0
Sample post content 208,2022-09-20 06:55:48,3050,35,business,405,64,122,1572,1,Facebook,0
Sample post content 209,2023-05-29 06:55:48,2885,158,other,81,20,76,221,0,Facebook,0
Sample post content 210,2022-09-08 06:55:48,2968,494,government,33,53,2,353,0,Twitter,0
Sample post content 211,2023-04-02 06:55:48,1393,206,government,159,69,110,1747,1,Facebook,0
Sample post content 212,2023-02-16 06:55:48,6367,452,business,363,68,74,1606,1,Twitter,0
Sample post content 213,2022-09-30 06:55:48,4045,325,government,259,51,59,734,1,Twitter,0
Sample post content 214,2022-10-11 06:55:48,8253,224,government,206,11,1,2887,1,Instagram,1
Sample post content 215,2023-03-01 06:55:48,9654,137,business,69,44,140,2442,1,Facebook,0
Sample post content 216,2023-01-27 06:55:48,2444,453,personal,399,28,95,2428,0,Facebook,1
Sample post content 217,2022-12-18 06:55:48,3904,471,business,435,27,48,2579,0,Twitter,1
Sample post content 218,2023-01-20 06:55:48,7655,91,business,268,84,105,3425,1,Instagram,0
Sample post content 219,2023-07-09 06:55:48,4261,426,government,450,42,143,2827,1,Facebook,0
Sample post content 220,2023-05-05 06:55:48,7629,177,government,291,42,111,2865,1,Facebook,1
Sample post content 221,2023-05-16 06:55:48,4283,488,other,14,46,101,1827,1,Facebook,1
Sample post content 222,2023-08-07 06:55:48,253,305,other,88,37,63,2525,0,Facebook,0
Sample post content 223,2023-03-19 06:55:48,7722,379,business,98,27,41,1457,1,Instagram,0
Sample post content 224,2023-08-29 06:55:48,4812,170,business,448,96,99,1280,1,Instagram,0
Sample post content 225,2022-11-11 06:55:48,9055,107,other,426,79,96,1362,1,Twitter,0
Sample post content 226,2022-11-29 06:55:48,2688,400,business,102,67,56,3349,1,Facebook,1
Sample post content 227,2023-05-14 06:55:48,1310,91,other,428,60,67,812,0,Facebook,1
Sample post content 228,2022-11-11 06:55:48,7337,265,personal,29,71,20,2921,0,Instagram,0
Sample post content 229,2023-05-19 06:55:48,5761,273,other,127,96,108,3107,1,Instagram,0
Sample post content 230,2023-09-05 06:55:48,9726,249,personal,16,83,61,2748,0,Instagram,1
Sample post content 231,2023-08-03 06:55:48,5001,265,other,233,1,132,3315,0,Instagram,1
Sample post content 232,2022-09-11 06:55:48,7051,460,personal,25,14,69,2186,1,Twitter,0
Sample post content 233,2022-10-20 06:55:48,4197,167,government,470,85,72,322,0,Twitter,1
Sample post content 234,2023-08-09 06:55:48,7584,264,other,184,44,136,3096,1,Twitter,0
Sample post content 235,2023-05-14 06:55:48,5049,21,personal,360,57,68,3132,0,Facebook,1
Sample post content 236,2023-08-05 06:55:48,3363,56,other,101,30,105,1908,0,Facebook,0
Sample post content 237,2023-08-23 06:55:48,6402,493,other,140,82,48,2326,0,Twitter,0
Sample post content 238,2023-03-23 06:55:48,8016,211,personal,188,78,17,540,1,Facebook,1
Sample post content 239,2023-08-03 06:55:48,1847,268,other,421,79,46,381,0,Instagram,1
Sample post content 240,2022-12-19 06:55:48,3986,244,other,237,31,34,3330,0,Twitter,0
Sample post content 241,2023-05-10 06:55:48,6348,133,government,258,5,74,3287,1,Facebook,0
Sample post content 242,2023-04-19 06:55:48,9470,120,personal,203,87,28,2862,0,Facebook,0
Sample post content 243,2022-10-01 06:55:48,5981,308,business,325,41,116,1919,0,Facebook,1
Sample post content 244,2023-01-03 06:55:48,9517,190,business,472,48,115,399,0,Facebook,1
Sample post content 245,2023-05-22 06:55:48,4947,34,personal,63,14,69,1867,1,Twitter,1
Sample post content 246,2022-12-06 06:55:48,4937,35,business,348,49,125,1272,1,Instagram,0
Sample post content 247,2023-07-03 06:55:48,459,154,business,15,32,48,2804,0,Facebook,0
Sample post content 248,2022-11-20 06:55:48,6584,263,business,123,69,82,2640,1,Facebook,1
Sample post content 249,2022-11-17 06:55:48,4597,315,government,190,92,4,2910,1,Facebook,0
Sample post content 250,2023-01-09 06:55:48,232,461,government,250,36,38,3140,1,Facebook,1
Sample post content 251,2023-05-07 06:55:48,9372,441,government,304,3,12,1907,1,Instagram,1
Sample post content 252,2023-01-09 06:55:48,903,344,other,228,66,136,1928,0,Instagram,0
Sample post content 253,2023-02-12 06:55:48,8238,354,other,90,98,5,950,1,Instagram,1
Sample post content 254,2023-06-03 06:55:48,4789,250,business,491,47,47,917,0,Instagram,0
Sample post content 255,2023-07-22 06:55:48,3870,156,personal,445,65,26,589,0,Facebook,1
Sample post content 256,2023-07-21 06:55:48,5872,284,other,242,65,72,3528,0,Instagram,1
Sample post content 257,2022-10-06 06:55:48,3688,14,government,300,57,68,2527,0,Instagram,0
Sample post content 258,2023-01-31 06:55:48,3215,443,other,282,62,32,1057,1,Facebook,1
Sample post content 259,2023-03-11 06:55:48,4206,65,government,179,5,112,1489,1,Facebook,0
Sample post content 260,2023-02-04 06:55:48,2340,230,other,176,37,2,1606,1,Instagram,1
Sample post content 261,2023-02-10 06:55:48,1691,78,personal,83,83,59,752,1,Facebook,1
Sample post content 262,2023-01-12 06:55:48,745,461,personal,428,24,23,2866,1,Facebook,0
Sample post content 263,2023-08-12 06:55:48,5161,145,government,457,41,38,2725,1,Facebook,0
Sample post content 264,2022-09-29 06:55:48,7322,382,personal,132,65,3,1354,1,Instagram,0
Sample post content 265,2022-10-09 06:55:48,646,197,government,383,10,126,3231,1,Twitter,0
Sample post content 266,2022-10-13 06:55:48,9595,401,government,425,12,55,3526,0,Twitter,0
Sample post content 267,2023-07-20 06:55:48,6077,216,government,352,21,87,3615,1,Instagram,1
Sample post content 268,2023-08-08 06:55:48,2253,197,government,46,98,107,1331,0,Twitter,0
Sample post content 269,2023-02-14 06:55:48,1576,33,other,145,68,79,1857,1,Facebook,1
Sample post content 270,2023-03-19 06:55:48,4935,215,business,14,68,127,1997,0,Twitter,0
Sample post content 271,2023-07-15 06:55:48,5452,36,other,197,0,95,124,1,Twitter,0
Sample post content 272,2023-05-04 06:55:48,6907,301,personal,25,80,118,268,1,Facebook,0
Sample post content 273,2023-06-02 06:55:48,2977,297,personal,83,8,8,1947,1,Instagram,0
Sample post content 274,2023-06-03 06:55:48,3389,109,personal,437,26,84,463,0,Instagram,1
Sample post content 275,2022-12-08 06:55:48,2265,195,government,292,85,20,1440,0,Facebook,1
Sample post content 276,2023-01-22 06:55:48,8937,293,government,399,80,37,1961,1,Twitter,1
Sample post content 277,2023-06-29 06:55:48,6094,157,government,494,99,14,1890,1,Facebook,0
Sample post content 278,2023-02-04 06:55:48,8797,47,personal,109,27,68,3465,1,Instagram,0
Sample post content 279,2023-06-07 06:55:48,8321,207,business,438,87,100,700,0,Facebook,1
Sample post content 280,2023-04-19 06:55:48,4565,268,business,113,54,18,1157,0,Twitter,0
Sample post content 281,2023-01-15 06:55:48,2795,240,government,331,13,139,3146,1,Instagram,0
Sample post content 282,2023-05-04 06:55:48,4310,401,government,115,26,120,1428,0,Twitter,0
Sample post content 283,2023-08-01 06:55:48,7994,291,personal,346,68,46,2476,0,Instagram,1
Sample post content 284,2023-01-25 06:55:48,4935,153,other,105,89,49,2354,0,Facebook,1
Sample post content 285,2022-12-01 06:55:48,5649,432,business,137,94,64,522,0,Instagram,0
Sample post content 286,2023-07-20 06:55:48,1986,329,business,333,99,97,2081,0,Facebook,1
Sample post content 287,2023-08-14 06:55:48,7773,358,other,209,55,3,422,0,Twitter,1
Sample post content 288,2022-10-10 06:55:48,1333,322,personal,262,82,31,1662,0,Twitter,0
Sample post content 289,2022-12-06 06:55:48,2406,70,other,10,9,63,3349,1,Facebook,1
Sample post content 290,2023-09-01 06:55:48,3796,75,government,442,95,98,2926,0,Facebook,1
Sample post content 291,2023-07-23 06:55:48,6611,59,business,399,87,113,3264,1,Instagram,0
Sample post content 292,2023-05-10 06:55:48,9231,211,business,495,19,63,439,1,Instagram,0
Sample post content 293,2023-06-15 06:55:48,6092,201,other,392,3,8,1335,1,Instagram,1
Sample post content 294,2023-02-12 06:55:48,1579,416,government,349,58,50,2278,0,Instagram,1
Sample post content 295,2023-01-03 06:55:48,6564,183,business,4,91,117,2661,0,Facebook,0
Sample post content 296,2023-01-05 06:55:48,328,295,personal,242,42,24,291,0,Instagram,0
Sample post content 297,2023-05-22 06:55:48,4432,490,government,466,4,133,3246,1,Instagram,0
Sample post content 298,2023-02-15 06:55:48,8891,197,business,67,11,53,1238,1,Instagram,0
Sample post content 299,2023-08-09 06:55:48,2124,396,personal,331,9,121,2183,0,Facebook,0
Sample post content 300,2023-06-16 06:55:48,7551,83,personal,88,6,99,1889,1,Twitter,1
Sample post content 301,2023-02-26 06:55:48,6138,111,government,307,22,79,1642,1,Twitter,1
Sample post content 302,2023-09-07 06:55:48,4395,318,personal,410,32,82,2419,0,Instagram,0
Sample post content 303,2023-02-21 06:55:48,9677,270,business,4,71,40,1694,1,Instagram,1
Sample post content 304,2023-04-26 06:55:48,6342,215,personal,114,9,10,978,0,Instagram,0
Sample post content 305,2023-01-19 06:55:48,6186,266,other,129,73,140,2544,0,Instagram,0
Sample post content 306,2023-04-15 06:55:48,1875,30,other,311,29,133,999,1,Instagram,1
Sample post content 307,2023-02-04 06:55:48,3930,33,government,412,33,31,2245,1,Instagram,0
Sample post content 308,2022-09-17 06:55:48,7824,29,government,482,52,64,652,0,Facebook,0
Sample post content 309,2022-11-28 06:55:48,510,80,government,156,49,123,1976,1,Instagram,0
Sample post content 310,2022-10-05 06:55:48,9298,375,business,364,57,76,1573,1,Twitter,0
Sample post content 311,2023-01-02 06:55:48,5474,180,business,495,80,50,271,0,Facebook,0
Sample post content 312,2023-06-21 06:55:48,3726,421,business,363,51,92,1396,0,Facebook,0
Sample post content 313,2023-06-03 06:55:48,1135,252,other,329,55,13,853,1,Twitter,0
Sample post content 314,2023-04-10 06:55:48,7706,275,government,140,40,55,3334,1,Twitter,0
Sample post content 315,2023-05-20 06:55:48,5051,243,personal,216,2,28,2843,1,Twitter,0
Sample post content 316,2023-08-10 06:55:48,6789,86,government,458,49,60,2421,1,Facebook,0
Sample post content 317,2022-11-16 06:55:48,2011,320,business,192,86,111,1766,0,Instagram,0
Sample post content 318,2022-12-05 06:55:48,2390,467,government,436,15,83,3213,1,Instagram,1
Sample post content 319,2023-08-08 06:55:48,842,273,other,178,68,3,1784,1,Instagram,1
Sample post content 320,2023-04-01 06:55:48,709,81,business,235,0,42,2324,0,Facebook,1
Sample post content 321,2023-08-10 06:55:48,5086,177,business,129,82,70,3225,1,Instagram,0
Sample post content 322,2023-08-14 06:55:48,8171,486,personal,111,92,149,1402,0,Twitter,0
Sample post content 323,2022-11-13 06:55:48,2002,323,personal,238,79,30,2231,0,Facebook,0
Sample post content 324,2023-01-07 06:55:48,1692,173,business,154,8,101,2844,0,Instagram,1
Sample post content 325,2022-12-25 06:55:48,3946,93,government,346,96,62,968,1,Twitter,0
Sample post content 326,2022-12-11 06:55:48,8907,211,other,266,95,2,709,0,Twitter,0
Sample post content 327,2023-06-20 06:55:48,2322,325,government,422,74,10,2715,1,Instagram,1
Sample post content 328,2023-08-10 06:55:48,6467,388,other,319,5,148,2743,0,Instagram,1
Sample post content 329,2022-12-22 06:55:48,7532,441,government,203,89,121,320,1,Twitter,1
Sample post content 330,2023-07-29 06:55:48,6178,163,business,299,9,39,3029,1,Instagram,0
Sample post content 331,2023-06-05 06:55:48,8950,313,personal,52,45,95,2916,0,Facebook,1
Sample post content 332,2023-08-04 06:55:48,6966,182,personal,3,64,22,2352,1,Twitter,1
Sample post content 333,2022-11-08 06:55:48,9722,269,government,261,13,63,3428,0,Twitter,0
Sample post content 334,2023-08-05 06:55:48,2631,434,business,339,37,40,1994,0,Twitter,1
Sample post content 335,2022-09-28 06:55:48,6897,270,other,494,100,127,469,0,Instagram,1
Sample post content 336,2023-05-11 06:55:48,1722,282,business,431,87,23,2426,1,Facebook,1
Sample post content 337,2023-02-14 06:55:48,8117,260,business,429,38,86,2442,0,Facebook,0
Sample post content 338,2023-07-09 06:55:48,6786,372,business,191,77,15,1897,0,Twitter,1
Sample post content 339,2022-11-21 06:55:48,4683,298,personal,287,11,15,1333,0,Instagram,1
Sample post content 340,2023-05-05 06:55:48,636,163,business,331,36,91,2274,1,Facebook,1
Sample post content 341,2022-11-16 06:55:48,6170,253,business,304,97,39,400,0,Instagram,1
Sample post content 342,2022-11-08 06:55:48,3659,427,personal,311,56,137,3368,1,Twitter,0
Sample post content 343,2023-08-19 06:55:48,7364,18,government,144,48,27,1824,0,Facebook,1
Sample post content 344,2022-10-26 06:55:48,7385,198,other,152,50,32,722,1,Instagram,0
Sample post content 345,2023-07-29 06:55:48,3968,179,other,350,84,124,1262,1,Instagram,1
Sample post content 346,2023-02-06 06:55:48,6042,354,government,55,3,59,1663,0,Instagram,1
Sample post content 347,2022-10-07 06:55:48,1727,66,government,246,60,81,286,1,Facebook,0
Sample post content 348,2022-11-14 06:55:48,6118,223,business,32,20,142,2451,1,Instagram,1
Sample post content 349,2022-11-23 06:55:48,9020,308,personal,172,68,88,446,0,Instagram,0
Sample post content 350,2022-12-15 06:55:48,5976,167,personal,141,28,112,2808,1,Facebook,0
Sample post content 351,2023-03-31 06:55:48,1092,417,business,327,17,49,3335,1,Instagram,1
Sample post content 352,2023-04-28 06:55:48,6623,470,personal,166,95,5,2443,1,Instagram,1
Sample post content 353,2023-05-27 06:55:48,4620,381,business,441,50,96,3160,1,Facebook,1
Sample post content 354,2022-10-01 06:55:48,3209,456,government,141,69,91,3359,0,Twitter,1
Sample post content 355,2023-04-01 06:55:48,2101,362,government,133,37,34,1553,1,Facebook,1
Sample post content 356,2023-05-09 06:55:48,7550,332,business,335,81,64,1342,1,Facebook,1
Sample post content 357,2023-04-26 06:55:48,1601,23,business,364,18,10,2025,1,Instagram,1
Sample post content 358,2023-02-18 06:55:48,3575,315,government,487,38,124,2642,1,Facebook,1
Sample post content 359,2023-07-03 06:55:48,9883,252,other,456,86,112,2705,1,Facebook,0
Sample post content 360,2022-09-30 06:55:48,449,145,other,333,93,143,252,0,Twitter,1
Sample post content 361,2022-10-13 06:55:48,928,345,personal,152,82,75,371,0,Instagram,0
Sample post content 362,2023-04-08 06:55:48,5564,410,personal,96,47,138,892,1,Twitter,1
Sample post content 363,2023-01-17 06:55:48,4090,407,business,76,1,125,3347,1,Facebook,0
Sample post content 364,2023-03-31 06:55:48,2163,306,personal,264,70,48,570,1,Instagram,0
Sample post content 365,2023-08-02 06:55:48,9350,305,other,391,71,145,3635,1,Instagram,0
Sample post content 366,2023-09-04 06:55:48,3462,126,government,123,18,47,2379,0,Instagram,0
Sample post content 367,2023-01-17 06:55:48,1224,379,other,460,15,139,3093,1,Instagram,0
Sample post content 368,2022-10-25 06:55:48,9180,36,other,29,5,89,2606,1,Instagram,1
Sample post content 369,2022-11-24 06:55:48,3494,308,business,412,0,82,3318,0,Facebook,1
Sample post content 370,2023-07-19 06:55:48,9707,255,personal,438,73,119,1,0,Instagram,1
Sample post content 371,2023-08-02 06:55:48,3638,97,business,410,76,70,3101,0,Instagram,1
Sample post content 372,2022-12-07 06:55:48,3917,278,government,414,50,141,601,0,Instagram,1
Sample post content 373,2023-05-22 06:55:48,5483,332,government,307,68,41,2707,1,Instagram,1
Sample post content 374,2022-12-23 06:55:48,2517,379,business,206,70,17,612,1,Twitter,1
Sample post content 375,2023-04-26 06:55:48,9864,327,business,338,10,135,1856,1,Facebook,1
Sample post content 376,2023-07-03 06:55:48,146,406,government,163,39,39,2177,0,Instagram,1
Sample post content 377,2023-03-14 06:55:48,4642,440,business,348,26,115,1194,1,Instagram,0
Sample post content 378,2023-08-04 06:55:48,2470,204,personal,71,95,75,1598,0,Facebook,1
Sample post content 379,2023-05-06 06:55:48,2229,85,government,369,94,67,2522,0,Twitter,0
Sample post content 380,2023-03-03 06:55:48,8950,430,other,13,92,138,2368,1,Facebook,0
Sample post content 381,2023-04-16 06:55:48,4206,358,personal,335,44,93,1832,1,Facebook,1
Sample post content 382,2023-06-20 06:55:48,2958,134,personal,254,27,116,802,1,Instagram,0
Sample post content 383,2023-01-27 06:55:48,1901,26,personal,151,52,0,843,0,Facebook,0
Sample post content 384,2022-12-04 06:55:48,522,303,business,132,82,129,2792,1,Facebook,1
Sample post content 385,2022-09-13 06:55:48,2259,495,other,464,65,97,3594,0,Facebook,1
Sample post content 386,2023-04-07 06:55:48,343,368,government,214,18,47,1297,0,Facebook,1
Sample post content 387,2022-10-30 06:55:48,5969,66,other,207,20,4,1228,0,Instagram,1
Sample post content 388,2022-10-09 06:55:48,3998,107,business,198,23,93,2336,1,Facebook,1
Sample post content 389,2022-12-12 06:55:48,9747,19,government,377,28,61,3254,1,Instagram,0
Sample post content 390,2023-09-04 06:55:48,5404,235,government,18,78,82,2784,1,Instagram,1
Sample post content 391,2022-10-02 06:55:48,358,170,business,298,32,16,1248,0,Twitter,1
Sample post content 392,2022-11-29 06:55:48,2954,224,government,362,24,137,1781,1,Facebook,0
Sample post content 393,2023-04-08 06:55:48,4447,87,other,292,14,99,2941,1,Facebook,0
Sample post content 394,2022-10-04 06:55:48,958,221,government,417,23,48,1411,1,Instagram,1
Sample post content 395,2023-07-17 06:55:48,2176,363,other,97,85,134,366,1,Instagram,0
Sample post content 396,2023-07-02 06:55:48,6997,114,other,175,72,127,2387,0,Facebook,1
Sample post content 397,2023-04-26 06:55:48,8719,220,business,371,6,141,34,0,Facebook,0
Sample post content 398,2023-07-11 06:55:48,1962,266,personal,365,96,39,2505,0,Twitter,0
Sample post content 399,2023-07-16 06:55:48,1141,406,business,113,70,72,2091,0,Facebook,1
Sample post content 400,2022-11-29 06:55:48,7902,323,government,351,59,82,1656,1,Twitter,1
Sample post content 401,2023-06-21 06:55:48,7444,481,government,273,82,104,3472,1,Facebook,0
Sample post content 402,2023-04-22 06:55:48,6031,251,personal,326,70,82,523,1,Facebook,1
Sample post content 403,2023-04-17 06:55:48,8508,456,other,401,9,28,3492,0,Twitter,0
Sample post content 404,2022-11-03 06:55:48,9826,444,personal,243,37,24,1205,1,Instagram,0
Sample post content 405,2023-05-24 06:55:48,1886,386,business,464,85,133,256,1,Facebook,0
Sample post content 406,2023-03-17 06:55:48,7505,382,other,481,8,17,1513,0,Twitter,0
Sample post content 407,2023-05-27 06:55:48,8354,41,personal,343,32,11,2249,1,Instagram,0
Sample post content 408,2022-09-22 06:55:48,3729,371,other,183,12,33,218,0,Twitter,1
Sample post content 409,2022-10-19 06:55:48,810,80,personal,259,25,45,4,0,Facebook,1
Sample post content 410,2023-04-26 06:55:48,8643,275,other,153,92,8,2881,0,Facebook,0
Sample post content 411,2022-12-24 06:55:48,5041,116,personal,432,74,51,2294,1,Instagram,0
Sample post content 412,2023-01-01 06:55:48,7604,297,government,87,62,27,3362,1,Instagram,1
Sample post content 413,2023-05-03 06:55:48,610,176,government,430,42,124,1472,0,Twitter,0
Sample post content 414,2023-08-13 06:55:48,1096,349,other,336,45,49,450,1,Facebook,1
Sample post content 415,2023-07-23 06:55:48,7947,254,government,448,16,25,3528,1,Twitter,1
Sample post content 416,2022-10-19 06:55:48,6680,279,business,285,85,8,1156,1,Instagram,1
Sample post content 417,2023-02-04 06:55:48,7084,202,government,92,83,146,3546,1,Instagram,1
Sample post content 418,2023-04-20 06:55:48,1868,170,other,150,30,99,128,1,Facebook,1
Sample post content 419,2023-08-17 06:55:48,8132,499,other,49,12,125,964,0,Facebook,1
Sample post content 420,2023-09-07 06:55:48,7367,98,other,241,36,134,1769,1,Twitter,0
Sample post content 421,2023-03-22 06:55:48,1304,245,government,65,79,65,2877,0,Facebook,0
Sample post content 422,2023-07-04 06:55:48,1423,477,government,379,8,12,2418,1,Twitter,1
Sample post content 423,2022-10-17 06:55:48,5377,282,government,132,24,93,1615,0,Instagram,0
Sample post content 424,2023-04-27 06:55:48,2530,185,personal,371,40,56,2561,0,Facebook,1
Sample post content 425,2023-06-18 06:55:48,1176,289,other,413,62,18,1304,0,Instagram,0
Sample post content 426,2023-01-25 06:55:48,2167,191,business,286,57,3,2916,1,Instagram,1
Sample post content 427,2022-11-30 06:55:48,4605,356,government,390,42,53,1568,1,Facebook,1
Sample post content 428,2022-09-12 06:55:48,9690,405,other,467,78,125,1664,0,Instagram,0
Sample post content 429,2023-02-02 06:55:48,9084,454,government,93,84,20,1563,1,Twitter,0
Sample post content 430,2022-11-25 06:55:48,5427,379,other,484,39,119,1783,0,Twitter,1
Sample post content 431,2023-09-04 06:55:48,6340,358,other,348,88,15,2233,0,Instagram,0
Sample post content 432,2023-07-13 06:55:48,9887,339,personal,460,74,92,866,1,Instagram,0
Sample post content 433,2023-08-01 06:55:48,8792,421,other,171,19,142,2714,1,Facebook,0
Sample post content 434,2022-09-20 06:55:48,4931,364,business,335,72,106,711,1,Twitter,1
Sample post content 435,2023-06-24 06:55:48,7533,145,personal,45,72,94,1946,1,Facebook,1
Sample post content 436,2022-12-03 06:55:48,8382,322,business,113,46,14,570,0,Instagram,1
Sample post content 437,2023-08-21 06:55:48,7148,257,government,181,40,68,771,1,Twitter,1
Sample post content 438,2023-03-03 06:55:48,1724,108,government,114,54,135,2276,1,Facebook,0
Sample post content 439,2022-11-14 06:55:48,1974,500,personal,381,21,10,1576,0,Twitter,0
Sample post content 440,2022-11-30 06:55:48,9133,136,personal,446,0,18,3455,0,Instagram,1
Sample post content 441,2023-06-25 06:55:48,3622,152,business,157,40,77,1476,0,Facebook,0
Sample post content 442,2023-01-31 06:55:48,7146,295,personal,215,31,19,3441,0,Twitter,0
Sample post content 443,2023-07-05 06:55:48,7498,162,other,403,100,55,1709,0,Facebook,0
Sample post content 444,2023-08-18 06:55:48,3843,125,business,454,28,132,632,1,Facebook,1
Sample post content 445,2023-04-04 06:55:48,6879,492,personal,169,91,24,1182,1,Twitter,0
Sample post content 446,2023-03-06 06:55:48,5653,162,government,190,94,25,3575,1,Facebook,0
Sample post content 447,2023-08-19 06:55:48,7530,404,government,133,82,59,2745,1,Twitter,1
Sample post content 448,2023-03-09 06:55:48,6632,157,business,299,55,136,515,1,Twitter,0
Sample post content 449,2023-05-24 06:55:48,6915,370,personal,150,35,98,551,0,Twitter,0
Sample post content 450,2022-09-24 06:55:48,1657,116,other,237,46,48,48,1,Instagram,0
Sample post content 451,2023-05-04 06:55:48,5220,363,other,435,17,49,294,0,Facebook,0
Sample post content 452,2022-10-02 06:55:48,7092,370,business,60,86,134,2656,0,Facebook,0
Sample post content 453,2023-07-18 06:55:48,5220,260,government,240,93,63,65,0,Instagram,0
Sample post content 454,2023-03-11 06:55:48,4276,172,government,27,42,145,590,1,Instagram,1
Sample post content 455,2022-11-26 06:55:48,6232,255,other,443,61,45,2955,1,Facebook,1
Sample post content 456,2023-02-12 06:55:48,2600,188,business,324,59,142,3625,1,Facebook,1
Sample post content 457,2022-10-26 06:55:48,7870,296,business,298,57,142,1994,1,Instagram,0
Sample post content 458,2023-06-21 06:55:48,1199,488,government,297,45,106,2695,1,Instagram,0
Sample post content 459,2023-05-10 06:55:48,1594,488,other,483,99,27,1789,0,Instagram,0
Sample post content 460,2023-06-17 06:55:48,1498,417,other,317,39,147,557,0,Instagram,1
Sample post content 461,2023-06-10 06:55:48,1627,379,personal,36,62,91,347,0,Facebook,0
Sample post content 462,2023-02-09 06:55:48,7175,150,other,241,70,117,563,0,Twitter,1
Sample post content 463,2023-08-27 06:55:48,1682,157,government,455,13,109,2631,0,Facebook,0
Sample post content 464,2023-06-09 06:55:48,6205,72,government,99,22,26,3302,0,Facebook,1
Sample post content 465,2023-03-22 06:55:48,2231,303,other,256,82,42,1704,0,Facebook,0
Sample post content 466,2023-02-10 06:55:48,9215,356,other,61,77,46,3524,1,Instagram,1
Sample post content 467,2022-10-01 06:55:48,1082,288,business,444,10,140,1868,1,Facebook,0
Sample post content 468,2023-05-04 06:55:48,9708,204,other,348,35,102,3232,0,Facebook,0
Sample post content 469,2023-04-25 06:55:48,9301,468,other,195,17,129,2849,0,Instagram,1
Sample post content 470,2023-06-19 06:55:48,9302,212,business,271,68,86,2476,0,Facebook,1
Sample post content 471,2022-09-14 06:55:48,5500,429,business,152,25,40,1744,0,Twitter,0
Sample post content 472,2023-07-15 06:55:48,2102,186,business,211,33,136,2553,1,Twitter,0
Sample post content 473,2023-02-25 06:55:48,6830,498,government,27,93,113,737,1,Facebook,0
Sample post content 474,2023-08-20 06:55:48,5893,405,personal,445,80,90,1862,1,Instagram,1
Sample post content 475,2023-01-11 06:55:48,7029,421,other,437,9,80,2087,1,Twitter,0
Sample post content 476,2023-05-18 06:55:48,942,84,other,77,93,140,1738,0,Instagram,0
Sample post content 477,2023-05-29 06:55:48,4812,158,other,70,9,83,2262,1,Twitter,0
Sample post content 478,2023-01-16 06:55:48,9937,31,other,102,2,95,3360,1,Facebook,0
Sample post content 479,2023-03-13 06:55:48,5219,157,personal,175,64,105,1844,0,Twitter,0
Sample post content 480,2023-04-05 06:55:48,5861,499,government,209,80,110,1576,1,Facebook,1
Sample post content 481,2023-05-15 06:55:48,1797,375,other,291,3,82,1456,0,Twitter,1
Sample post content 482,2023-05-17 06:55:48,9568,50,personal,457,74,61,925,0,Twitter,1
Sample post content 483,2023-08-27 06:55:48,8413,187,other,464,74,144,762,0,Facebook,1
Sample post content 484,2022-10-06 06:55:48,3585,483,personal,234,51,139,1740,0,Twitter,1
Sample post content 485,2023-06-02 06:55:48,2635,236,business,73,98,54,2477,0,Twitter,1
Sample post content 486,2023-02-16 06:55:48,8000,345,other,161,75,96,31,0,Twitter,1
Sample post content 487,2023-03-24 06:55:48,3774,141,business,441,27,140,2368,1,Instagram,1
Sample post content 488,2023-04-19 06:55:48,1873,392,other,366,4,65,2041,0,Facebook,1
Sample post content 489,2023-08-04 06:55:48,5836,255,other,92,70,92,3469,0,Instagram,1
Sample post content 490,2023-04-19 06:55:48,9213,119,other,398,33,115,2994,0,Twitter,0
Sample post content 491,2023-03-13 06:55:48,6122,113,business,41,69,114,970,0,Twitter,1
Sample post content 492,2022-10-15 06:55:48,1982,433,other,249,69,101,2917,1,Twitter,1
Sample post content 493,2022-12-22 06:55:48,4664,285,other,170,60,0,2056,0,Instagram,1
Sample post content 494,2023-02-16 06:55:48,9506,148,personal,323,83,8,1103,0,Twitter,0
Sample post content 495,2022-09-26 06:55:48,3805,487,business,90,99,72,1683,0,Facebook,1
Sample post content 496,2022-12-08 06:55:48,7130,297,personal,160,19,4,2238,1,Twitter,1
Sample post content 497,2023-03-23 06:55:48,9290,366,government,324,46,132,2361,1,Twitter,0
Sample post content 498,2023-08-25 06:55:48,9221,149,government,29,50,34,1504,0,Facebook,0
Sample post content 499,2023-07-11 06:55:48,530,80,personal,2,28,77,138,0,Twitter,1
Sample post content 500,2023-04-28 06:55:48,4481,65,government,231,98,1,156,0,Facebook,1
Sample post content 501,2023-06-09 06:55:48,574,325,government,140,75,76,2328,0,Facebook,0
Sample post content 502,2022-11-15 06:55:48,3055,389,other,107,93,56,1980,0,Facebook,0
Sample post content 503,2023-04-26 06:55:48,4577,310,business,389,37,54,2888,1,Instagram,0
Sample post content 504,2023-08-20 06:55:48,5162,132,personal,396,17,80,1510,0,Instagram,1
Sample post content 505,2023-07-15 06:55:48,5667,134,personal,86,59,5,464,1,Twitter,0
Sample post content 506,2022-11-07 06:55:48,5851,35,personal,295,64,70,2377,0,Twitter,1
Sample post content 507,2023-01-29 06:55:48,200,352,personal,391,65,141,1973,0,Facebook,1
Sample post content 508,2023-03-16 06:55:48,3072,473,government,81,11,130,2829,1,Instagram,1
Sample post content 509,2023-04-01 06:55:48,2447,281,government,250,50,142,328,0,Instagram,1
Sample post content 510,2023-01-28 06:55:48,9378,125,business,402,46,146,582,0,Twitter,0
Sample post content 511,2022-11-02 06:55:48,6666,336,personal,390,64,146,2991,0,Instagram,0
Sample post content 512,2022-12-21 06:55:48,1240,129,business,399,1,39,2996,0,Twitter,1
Sample post content 513,2023-07-11 06:55:48,2424,36,personal,45,84,24,2157,0,Facebook,0
Sample post content 514,2023-02-23 06:55:48,602,61,other,66,30,9,3520,0,Facebook,1
Sample post content 515,2022-11-17 06:55:48,1603,221,government,314,78,117,3075,1,Facebook,0
Sample post content 516,2023-06-03 06:55:48,8791,179,business,222,87,91,3191,0,Instagram,1
Sample post content 517,2023-05-01 06:55:48,3624,377,personal,324,21,39,1145,0,Facebook,1
Sample post content 518,2023-08-17 06:55:48,6263,251,personal,219,96,35,1905,0,Twitter,0
Sample post content 519,2022-09-11 06:55:48,6978,61,other,206,65,67,2118,1,Instagram,1
Sample post content 520,2023-01-28 06:55:48,7532,358,personal,219,17,93,321,1,Facebook,1
Sample post content 521,2023-09-08 06:55:48,5685,404,business,494,57,149,2144,1,Twitter,0
Sample post content 522,2022-12-16 06:55:48,2678,80,business,244,20,63,3646,0,Twitter,1
Sample post content 523,2022-12-07 06:55:48,6162,12,business,196,22,59,2499,0,Twitter,1
Sample post content 524,2022-09-22 06:55:48,5205,291,other,2,72,65,363,0,Twitter,1
Sample post content 525,2022-09-30 06:55:48,5414,485,other,19,72,76,1005,0,Facebook,0
Sample post content 526,2023-05-31 06:55:48,9399,90,government,273,84,23,1936,0,Instagram,1
Sample post content 527,2023-03-06 06:55:48,9868,218,government,102,18,146,2584,0,Twitter,1
Sample post content 528,2023-01-31 06:55:48,1491,344,personal,374,94,102,3038,0,Facebook,0
Sample post content 529,2023-08-04 06:55:48,961,488,government,191,93,145,2719,1,Facebook,0
Sample post content 530,2022-10-03 06:55:48,2649,460,government,486,61,55,2740,0,Twitter,0
Sample post content 531,2023-03-23 06:55:48,2679,459,personal,7,45,19,320,0,Instagram,0
Sample post content 532,2022-10-24 06:55:48,915,253,business,456,5,83,2802,0,Facebook,1
Sample post content 533,2023-04-01 06:55:48,1436,254,personal,164,28,123,2596,0,Instagram,0
Sample post content 534,2022-10-04 06:55:48,4558,343,government,387,97,44,2209,1,Instagram,1
Sample post content 535,2023-07-07 06:55:48,7359,112,other,426,62,124,3270,1,Facebook,1
Sample post content 536,2023-04-08 06:55:48,7047,397,government,271,29,147,2375,0,Instagram,0
Sample post content 537,2022-12-23 06:55:48,8057,157,business,97,8,24,1280,1,Facebook,1
Sample post content 538,2023-04-03 06:55:48,7342,174,personal,9,33,76,2512,0,Twitter,0
Sample post content 539,2022-10-02 06:55:48,6885,156,other,346,47,9,217,0,Facebook,1
Sample post content 540,2023-02-11 06:55:48,4575,340,personal,2,29,147,1408,1,Facebook,0
Sample post content 541,2023-03-25 06:55:48,3631,40,personal,320,5,97,2192,1,Instagram,0
Sample post content 542,2023-02-14 06:55:48,8494,474,government,375,85,20,3189,1,Twitter,0
Sample post content 543,2022-09-17 06:55:48,1964,403,business,127,26,14,45,0,Twitter,0
Sample post content 544,2023-04-10 06:55:48,5755,55,business,115,66,85,1921,0,Instagram,0
Sample post content 545,2022-11-29 06:55:48,7143,343,other,355,46,89,1860,1,Instagram,0
Sample post content 546,2023-07-05 06:55:48,1916,303,personal,449,49,111,2100,0,Facebook,1
Sample post content 547,2023-06-02 06:55:48,4740,128,government,176,60,106,1922,1,Twitter,0
Sample post content 548,2023-02-05 06:55:48,9817,283,personal,159,58,30,2351,0,Facebook,0
Sample post content 549,2022-10-03 06:55:48,8072,388,government,66,5,58,3006,1,Twitter,1
Sample post content 550,2023-02-26 06:55:48,8733,380,government,52,5,2,1358,0,Facebook,1
Sample post content 551,2022-09-27 06:55:48,5153,445,business,196,83,97,1725,0,Facebook,1
Sample post content 552,2023-06-11 06:55:48,844,489,other,257,41,13,1446,1,Instagram,0
Sample post content 553,2022-10-28 06:55:48,3712,29,personal,301,13,78,3270,1,Facebook,1
Sample post content 554,2022-11-21 06:55:48,6575,477,other,156,90,134,1207,1,Twitter,1
Sample post content 555,2023-04-07 06:55:48,9919,481,other,85,66,10,1185,0,Twitter,0
Sample post content 556,2023-02-13 06:55:48,997,99,personal,33,81,81,687,0,Facebook,0
Sample post content 557,2022-12-02 06:55:48,225,223,government,421,35,138,145,1,Facebook,1
Sample post content 558,2023-09-08 06:55:48,3449,461,personal,23,94,144,2847,1,Twitter,0
Sample post content 559,2023-04-06 06:55:48,5038,438,business,152,33,38,2448,0,Instagram,1
Sample post content 560,2023-04-15 06:55:48,3560,100,government,485,74,83,3070,1,Facebook,0
Sample post content 561,2023-05-24 06:55:48,2348,488,other,148,69,128,1246,1,Twitter,0
Sample post content 562,2023-01-31 06:55:48,4286,480,other,233,72,56,2978,1,Twitter,1
Sample post content 563,2022-11-16 06:55:48,4842,28,personal,372,22,39,3216,1,Instagram,1
Sample post content 564,2022-11-02 06:55:48,5475,438,business,266,48,12,2309,1,Twitter,1
Sample post content 565,2022-10-08 06:55:48,2065,213,personal,305,83,100,1067,0,Instagram,1
Sample post content 566,2023-03-28 06:55:48,226,413,government,268,48,114,252,1,Instagram,0
Sample post content 567,2023-01-13 06:55:48,8249,263,personal,172,46,147,2578,1,Twitter,0
Sample post content 568,2023-01-25 06:55:48,7155,105,other,222,75,129,1939,1,Instagram,1
Sample post content 569,2023-01-25 06:55:48,2978,489,personal,454,83,23,2369,0,Twitter,0
Sample post content 570,2022-09-28 06:55:48,2216,393,business,351,9,56,693,0,Instagram,1
Sample post content 571,2023-05-22 06:55:48,6329,456,business,68,66,110,2347,1,Twitter,0
Sample post content 572,2022-12-21 06:55:48,8825,484,business,175,32,74,212,1,Twitter,0
Sample post content 573,2023-01-09 06:55:48,3870,158,other,461,48,100,2689,0,Twitter,0
Sample post content 574,2023-06-14 06:55:48,8296,458,business,250,28,37,1196,0,Instagram,1
Sample post content 575,2022-10-06 06:55:48,9254,29,government,183,66,33,3314,1,Twitter,0
Sample post content 576,2023-07-27 06:55:48,5902,14,personal,384,51,86,3021,0,Instagram,0
Sample post content 577,2023-04-16 06:55:48,1280,162,business,96,45,21,2558,1,Instagram,1
Sample post content 578,2022-12-19 06:55:48,6605,300,other,84,44,121,112,1,Twitter,0
Sample post content 579,2022-10-04 06:55:48,793,318,personal,485,62,146,1175,0,Twitter,1
Sample post content 580,2022-10-19 06:55:48,7247,64,government,464,61,12,1986,0,Facebook,1
Sample post content 581,2022-10-26 06:55:48,407,485,personal,470,77,140,338,0,Twitter,0
Sample post content 582,2023-03-21 06:55:48,7632,181,personal,415,0,102,520,1,Facebook,1
Sample post content 583,2023-07-23 06:55:48,1375,155,other,206,64,67,2071,1,Facebook,0
Sample post content 584,2023-05-11 06:55:48,5229,242,other,9,17,21,315,0,Instagram,0
Sample post content 585,2022-09-29 06:55:48,9533,338,business,116,56,102,3488,0,Twitter,1
Sample post content 586,2023-04-03 06:55:48,7133,288,business,114,21,128,3211,0,Twitter,1
Sample post content 587,2023-05-16 06:55:48,9494,278,government,372,29,111,1139,1,Facebook,1
Sample post content 588,2023-05-30 06:55:48,6726,262,other,67,9,33,1033,0,Twitter,1
Sample post content 589,2023-06-25 06:55:48,6943,465,business,108,65,34,543,1,Twitter,0
Sample post content 590,2023-08-27 06:55:48,4843,490,business,375,82,123,2523,0,Facebook,0
Sample post content 591,2023-08-16 06:55:48,1987,78,government,11,35,143,1151,1,Instagram,0
Sample post content 592,2023-05-06 06:55:48,6736,445,government,301,27,50,1128,0,Twitter,1
Sample post content 593,2023-01-08 06:55:48,441,268,personal,258,19,124,3514,0,Facebook,0
Sample post content 594,2022-10-31 06:55:48,5421,249,personal,86,23,101,1053,1,Facebook,1
Sample post content 595,2023-08-02 06:55:48,2915,149,personal,63,20,146,59,1,Twitter,1
Sample post content 596,2023-01-18 06:55:48,7638,108,other,187,46,50,3037,1,Instagram,0
Sample post content 597,2023-02-08 06:55:48,6028,424,other,364,77,143,457,1,Facebook,1
Sample post content 598,2022-10-21 06:55:48,1543,67,personal,333,91,134,2474,1,Twitter,0
Sample post content 599,2022-11-18 06:55:48,7255,179,business,405,15,63,716,1,Facebook,1
Sample post content 600,2023-06-01 06:55:48,1834,93,government,19,84,62,2424,1,Facebook,1
Sample post content 601,2022-09-17 06:55:48,4086,384,other,192,29,18,3027,1,Instagram,0
Sample post content 602,2023-02-24 06:55:48,7238,244,government,448,53,68,620,1,Facebook,1
Sample post content 603,2022-12-29 06:55:48,9748,341,government,327,42,110,2700,1,Instagram,0
Sample post content 604,2023-02-16 06:55:48,6660,141,business,130,92,82,1830,0,Twitter,0
Sample post content 605,2023-05-07 06:55:48,8684,377,business,394,14,147,1515,1,Facebook,1
Sample post content 606,2023-06-25 06:55:48,1388,105,other,273,61,22,3309,0,Twitter,1
Sample post content 607,2022-10-08 06:55:48,6584,17,personal,319,86,28,719,0,Twitter,0
Sample post content 608,2022-09-21 06:55:48,5183,387,personal,24,61,105,1071,1,Instagram,1
Sample post content 609,2023-09-06 06:55:48,5662,182,other,304,61,108,3206,1,Instagram,1
Sample post content 610,2023-07-16 06:55:48,3730,414,personal,24,26,93,2871,1,Facebook,0
Sample post content 611,2023-02-03 06:55:48,5556,161,government,338,75,89,968,0,Twitter,1
Sample post content 612,2023-05-19 06:55:48,2854,300,personal,55,20,48,1987,0,Instagram,1
Sample post content 613,2023-06-10 06:55:48,1351,355,government,334,82,82,741,0,Instagram,1
Sample post content 614,2022-09-17 06:55:48,8463,397,government,428,52,88,3275,0,Facebook,0
Sample post content 615,2022-12-17 06:55:48,1968,108,personal,10,2,6,2161,0,Facebook,1
Sample post content 616,2023-01-14 06:55:48,8793,99,personal,24,31,78,3531,0,Twitter,0
Sample post content 617,2023-08-14 06:55:48,8455,322,personal,353,5,43,136,1,Twitter,0
Sample post content 618,2022-11-27 06:55:48,3276,448,personal,59,16,89,1405,0,Instagram,0
Sample post content 619,2023-05-04 06:55:48,5824,337,business,213,73,113,346,0,Twitter,0
Sample post content 620,2023-07-08 06:55:48,5852,469,business,227,75,37,595,1,Twitter,0
Sample post content 621,2023-01-18 06:55:48,2519,217,government,194,20,112,2440,1,Instagram,1
Sample post content 622,2023-07-02 06:55:48,3971,433,other,63,17,11,3366,0,Instagram,1
Sample post content 623,2023-01-14 06:55:48,1784,228,business,280,80,59,632,1,Instagram,1
Sample post content 624,2022-10-02 06:55:48,2499,273,business,129,65,51,3431,0,Twitter,0
Sample post content 625,2022-12-11 06:55:48,4293,177,government,242,5,95,2032,0,Instagram,0
Sample post content 626,2022-11-26 06:55:48,3332,54,other,359,73,39,3084,1,Twitter,1
Sample post content 627,2022-11-08 06:55:48,2942,215,government,78,18,21,1692,1,Twitter,1
Sample post content 628,2023-03-30 06:55:48,9969,352,personal,105,7,28,3156,0,Facebook,1
Sample post content 629,2023-01-25 06:55:48,2604,58,other,355,21,13,1570,1,Twitter,1
Sample post content 630,2022-10-30 06:55:48,1334,104,business,351,33,62,975,1,Twitter,1
Sample post content 631,2022-12-24 06:55:48,3002,81,business,322,23,37,2707,1,Instagram,1
Sample post content 632,2023-02-02 06:55:48,8195,254,government,4,66,73,1803,1,Instagram,1
Sample post content 633,2022-12-02 06:55:48,7701,175,business,154,51,3,2974,1,Instagram,0
Sample post content 634,2023-01-23 06:55:48,9336,489,other,215,76,87,2612,0,Instagram,1
Sample post content 635,2023-06-19 06:55:48,9594,137,government,338,72,28,686,0,Instagram,1
Sample post content 636,2023-01-08 06:55:48,7454,13,business,51,81,78,864,1,Twitter,0
Sample post content 637,2023-01-21 06:55:48,9348,143,government,339,2,115,2367,0,Facebook,1
Sample post content 638,2023-04-29 06:55:48,5395,206,personal,266,92,120,3008,1,Instagram,0
Sample post content 639,2023-05-05 06:55:48,5279,130,other,138,93,5,3449,1,Instagram,0
Sample post content 640,2022-10-17 06:55:48,2573,238,personal,318,84,84,1414,1,Instagram,1
Sample post content 641,2023-04-20 06:55:48,7305,395,personal,310,36,53,223,1,Facebook,0
Sample post content 642,2022-12-16 06:55:48,1218,146,other,358,10,137,2631,1,Instagram,1
Sample post content 643,2023-01-03 06:55:48,7782,498,other,70,27,54,1083,1,Instagram,1
Sample post content 644,2022-10-23 06:55:48,7345,178,government,214,57,52,3095,0,Twitter,0
Sample post content 645,2023-05-09 06:55:48,5061,164,personal,425,77,139,3357,0,Facebook,0
Sample post content 646,2023-04-21 06:55:48,4600,308,government,460,60,133,476,0,Twitter,1
Sample post content 647,2023-01-26 06:55:48,9789,380,personal,53,61,66,216,1,Twitter,1
Sample post content 648,2023-07-31 06:55:48,1020,303,other,261,21,140,687,0,Instagram,1
Sample post content 649,2022-09-08 06:55:48,5866,15,personal,368,28,123,1901,1,Twitter,0
Sample post content 650,2023-04-15 06:55:48,8412,143,personal,316,52,36,1634,1,Instagram,0
Sample post content 651,2023-05-11 06:55:48,1315,344,business,60,76,4,1951,0,Twitter,0
Sample post content 652,2023-04-22 06:55:48,5185,194,other,144,18,96,1235,1,Instagram,0
Sample post content 653,2023-03-21 06:55:48,7665,364,personal,58,74,149,1951,1,Facebook,0
Sample post content 654,2023-03-29 06:55:48,7504,130,other,401,98,134,3057,1,Twitter,1
Sample post content 655,2022-12-06 06:55:48,716,41,personal,54,23,11,3082,0,Twitter,0
Sample post content 656,2023-07-29 06:55:48,1032,351,other,254,79,65,2182,1,Twitter,0
Sample post content 657,2023-06-30 06:55:48,6141,70,government,101,84,43,958,1,Facebook,1
Sample post content 658,2023-06-23 06:55:48,4803,248,government,311,65,15,1556,1,Instagram,1
Sample post content 659,2023-05-13 06:55:48,1357,167,personal,102,33,72,2800,0,Facebook,0
Sample post content 660,2023-02-24 06:55:48,1579,91,personal,398,21,51,2891,0,Facebook,0
Sample post content 661,2022-09-18 06:55:48,9833,217,other,134,92,69,1598,1,Twitter,0
Sample post content 662,2023-06-22 06:55:48,8407,361,business,425,87,13,1944,1,Instagram,1
Sample post content 663,2022-09-12 06:55:48,6399,267,other,267,43,119,1076,1,Facebook,1
Sample post content 664,2023-05-22 06:55:48,7681,482,government,498,58,2,595,1,Facebook,0
Sample post content 665,2023-08-07 06:55:48,9608,468,personal,103,76,17,2173,1,Instagram,0
Sample post content 666,2023-02-08 06:55:48,9181,464,government,183,75,99,3565,1,Instagram,0
Sample post content 667,2023-02-12 06:55:48,772,370,personal,360,8,69,1781,1,Facebook,1
Sample post content 668,2023-03-23 06:55:48,7468,404,personal,209,29,92,49,0,Twitter,1
Sample post content 669,2022-12-05 06:55:48,9466,169,government,151,48,27,1183,0,Instagram,0
Sample post content 670,2023-01-13 06:55:48,3184,363,personal,82,49,4,3266,0,Facebook,1
Sample post content 671,2023-02-08 06:55:48,5367,70,business,20,16,74,1839,0,Facebook,0
Sample post content 672,2023-08-08 06:55:48,7892,337,other,280,13,98,1565,1,Facebook,0
Sample post content 673,2023-05-26 06:55:48,8314,479,other,254,2,59,2780,1,Instagram,0
Sample post content 674,2023-02-05 06:55:48,2571,491,other,466,25,97,1294,0,Instagram,0
Sample post content 675,2023-02-21 06:55:48,1113,161,business,106,66,130,2172,1,Instagram,1
Sample post content 676,2022-11-13 06:55:48,7481,198,personal,352,64,25,2798,1,Twitter,1
Sample post content 677,2022-09-17 06:55:48,1795,324,business,477,87,80,169,0,Facebook,1
Sample post content 678,2023-08-29 06:55:48,5726,123,business,246,53,124,399,1,Twitter,0
Sample post content 679,2022-11-18 06:55:48,1481,122,business,169,19,136,2177,1,Twitter,1
Sample post content 680,2023-02-26 06:55:48,8366,500,other,120,77,22,2611,1,Instagram,0
Sample post content 681,2023-01-07 06:55:48,2927,78,government,1,12,47,1450,1,Instagram,1
Sample post content 682,2023-09-05 06:55:48,741,254,personal,6,22,50,3459,1,Instagram,1
Sample post content 683,2023-03-12 06:55:48,4159,88,business,343,60,128,1769,0,Instagram,1
Sample post content 684,2023-04-09 06:55:48,7272,242,other,45,78,117,2501,0,Twitter,1
Sample post content 685,2023-02-21 06:55:48,7299,392,other,464,76,143,2671,0,Instagram,1
Sample post content 686,2023-02-06 06:55:48,8686,320,other,56,4,5,3516,0,Facebook,0
Sample post content 687,2022-12-07 06:55:48,8664,201,government,427,100,10,1117,1,Instagram,0
Sample post content 688,2022-12-03 06:55:48,2700,222,government,293,68,63,1373,0,Twitter,0
Sample post content 689,2022-11-04 06:55:48,6062,369,other,342,64,135,1108,0,Instagram,0
Sample post content 690,2023-05-19 06:55:48,6208,291,personal,252,96,78,1094,1,Instagram,0
Sample post content 691,2023-01-02 06:55:48,4734,477,other,76,15,85,3287,0,Twitter,1
Sample post content 692,2023-05-19 06:55:48,6447,251,personal,486,11,125,403,1,Facebook,0
Sample post content 693,2023-04-22 06:55:48,6797,397,government,46,61,100,1046,0,Instagram,0
Sample post content 694,2023-01-28 06:55:48,5643,285,government,399,84,40,2681,0,Facebook,1
Sample post content 695,2023-01-03 06:55:48,9895,420,government,261,16,4,2393,1,Twitter,1
Sample post content 696,2023-08-25 06:55:48,957,350,personal,38,77,88,1603,0,Instagram,0
Sample post content 697,2023-02-21 06:55:48,5582,432,business,370,69,90,1889,1,Facebook,0
Sample post content 698,2023-03-20 06:55:48,1179,121,other,370,0,90,3167,1,Twitter,1
Sample post content 699,2022-10-01 06:55:48,5501,400,business,51,99,77,2766,1,Twitter,1
Sample post content 700,2022-09-26 06:55:48,1648,136,government,463,86,60,3069,1,Facebook,1
Sample post content 701,2023-02-13 06:55:48,9241,358,business,131,83,128,991,0,Twitter,1
Sample post content 702,2023-06-16 06:55:48,6433,396,personal,329,55,70,3008,1,Twitter,0
Sample post content 703,2023-01-12 06:55:48,4755,315,other,118,66,15,2753,0,Instagram,0
Sample post content 704,2023-07-05 06:55:48,4228,457,business,233,53,65,2412,1,Instagram,1
Sample post content 705,2022-10-25 06:55:48,9974,413,other,500,47,99,3156,1,Facebook,0
Sample post content 706,2022-12-09 06:55:48,2563,51,other,151,5,7,799,1,Twitter,0
Sample post content 707,2023-08-26 06:55:48,5561,279,personal,135,89,142,2130,1,Facebook,1
Sample post content 708,2023-02-19 06:55:48,1435,238,business,237,67,71,1383,0,Instagram,0
Sample post content 709,2022-11-09 06:55:48,9647,280,personal,25,54,57,2776,1,Twitter,1
Sample post content 710,2022-11-24 06:55:48,2417,370,personal,51,29,38,2828,0,Instagram,1
Sample post content 711,2022-10-04 06:55:48,5831,195,other,416,61,87,737,0,Instagram,0
Sample post content 712,2023-08-26 06:55:48,5182,49,business,89,98,100,1284,1,Instagram,0
Sample post content 713,2023-07-28 06:55:48,6521,479,other,447,48,35,2244,1,Instagram,0
Sample post content 714,2022-10-14 06:55:48,2212,298,business,20,44,22,44,1,Twitter,0
Sample post content 715,2023-02-01 06:55:48,9849,67,government,436,75,97,2756,0,Instagram,0
Sample post content 716,2023-07-01 06:55:48,1488,41,government,148,94,133,35,1,Twitter,0
Sample post content 717,2023-01-15 06:55:48,5172,434,government,184,97,58,3407,1,Instagram,0
Sample post content 718,2023-06-07 06:55:48,9257,290,government,410,89,106,279,1,Instagram,1
Sample post content 719,2023-08-14 06:55:48,6271,472,business,346,73,61,49,0,Facebook,1
Sample post content 720,2023-04-28 06:55:48,5481,268,government,160,12,146,1685,1,Instagram,0
Sample post content 721,2023-02-26 06:55:48,2193,113,personal,218,54,39,401,0,Instagram,0
Sample post content 722,2023-03-25 06:55:48,8724,303,government,378,17,109,2152,0,Twitter,0
Sample post content 723,2023-05-23 06:55:48,1631,284,personal,59,32,79,426,1,Facebook,0
Sample post content 724,2023-01-19 06:55:48,7037,86,business,48,61,84,2808,1,Instagram,0
Sample post content 725,2023-03-25 06:55:48,8431,94,other,435,98,114,1827,0,Facebook,0
Sample post content 726,2023-03-20 06:55:48,6028,177,other,388,29,138,1440,1,Instagram,1
Sample post content 727,2023-02-26 06:55:48,398,447,business,455,10,33,899,1,Twitter,0
Sample post content 728,2023-04-19 06:55:48,6040,276,other,23,36,52,2971,0,Instagram,0
Sample post content 729,2023-02-05 06:55:48,5160,236,business,4,76,35,1161,0,Facebook,0
Sample post content 730,2023-05-02 06:55:48,3053,69,business,436,69,148,1032,0,Twitter,1
Sample post content 731,2023-07-29 06:55:48,3609,358,personal,70,52,138,791,1,Facebook,1
Sample post content 732,2023-01-11 06:55:48,5698,115,other,339,32,51,140,1,Facebook,0
Sample post content 733,2023-08-30 06:55:48,8067,377,personal,331,24,35,98,0,Facebook,1
Sample post content 734,2022-12-06 06:55:48,3245,308,other,87,0,79,2538,1,Twitter,0
Sample post content 735,2023-08-13 06:55:48,3811,260,personal,168,90,134,377,1,Instagram,0
Sample post content 736,2023-03-13 06:55:48,2353,56,personal,183,95,34,233,0,Twitter,1
Sample post content 737,2023-05-17 06:55:48,2638,470,business,457,0,110,2434,1,Instagram,0
Sample post content 738,2022-10-11 06:55:48,1364,271,business,224,73,37,2690,0,Facebook,1
Sample post content 739,2023-08-04 06:55:48,4946,238,personal,489,66,144,3423,1,Twitter,1
Sample post content 740,2022-10-10 06:55:48,1757,424,business,318,15,40,889,1,Facebook,0
Sample post content 741,2023-08-19 06:55:48,8417,38,other,137,66,81,2456,1,Facebook,1
Sample post content 742,2023-08-24 06:55:48,8943,242,business,449,0,17,2614,1,Instagram,1
Sample post content 743,2023-05-05 06:55:48,8726,77,business,375,48,142,499,0,Instagram,1
Sample post content 744,2023-05-29 06:55:48,718,272,other,47,83,136,2901,1,Instagram,0
Sample post content 745,2023-08-29 06:55:48,5617,222,personal,190,26,30,492,1,Twitter,0
Sample post content 746,2022-10-25 06:55:48,2247,243,other,417,88,47,354,1,Instagram,0
Sample post content 747,2023-06-22 06:55:48,9885,298,business,175,40,81,3508,1,Instagram,0
Sample post content 748,2023-05-09 06:55:48,6272,39,government,93,52,37,2477,0,Instagram,0
Sample post content 749,2023-07-06 06:55:48,2627,296,government,58,46,7,533,0,Twitter,0
Sample post content 750,2023-01-09 06:55:48,2758,246,personal,205,13,81,1540,0,Twitter,0
Sample post content 751,2022-10-01 06:55:48,3062,354,other,204,19,105,2689,1,Twitter,1
Sample post content 752,2023-07-12 06:55:48,2812,423,personal,492,54,105,3129,0,Facebook,0
Sample post content 753,2022-11-24 06:55:48,7270,167,government,233,83,77,2654,1,Twitter,0
Sample post content 754,2023-05-20 06:55:48,815,380,other,139,74,113,2319,1,Facebook,0
Sample post content 755,2023-01-13 06:55:48,6831,21,business,427,32,70,3290,1,Twitter,1
Sample post content 756,2022-09-15 06:55:48,6068,212,personal,197,33,38,757,0,Instagram,1
Sample post content 757,2023-04-30 06:55:48,3991,140,business,353,68,48,455,0,Instagram,0
Sample post content 758,2023-03-04 06:55:48,7377,428,other,435,54,27,2850,1,Instagram,1
Sample post content 759,2023-06-15 06:55:48,4768,11,personal,244,72,33,755,1,Twitter,0
Sample post content 760,2022-11-02 06:55:48,7455,391,other,409,46,47,1038,0,Facebook,1
Sample post content 761,2022-11-02 06:55:48,3933,121,other,215,78,6,1207,0,Instagram,1
Sample post content 762,2023-07-12 06:55:48,8849,306,government,332,35,68,1913,0,Instagram,1
Sample post content 763,2023-06-17 06:55:48,4018,47,government,453,87,145,2706,1,Instagram,0
Sample post content 764,2023-04-02 06:55:48,5170,33,personal,408,50,59,311,1,Facebook,1
Sample post content 765,2023-07-15 06:55:48,7784,226,personal,85,96,59,2617,1,Twitter,1
Sample post content 766,2022-11-16 06:55:48,3278,186,other,57,26,59,1858,1,Twitter,0
Sample post content 767,2023-08-26 06:55:48,6126,368,personal,67,52,6,1133,0,Facebook,1
Sample post content 768,2023-04-02 06:55:48,9445,42,personal,356,70,91,3152,0,Facebook,1
Sample post content 769,2022-11-18 06:55:48,7318,287,other,371,100,20,1749,1,Twitter,0
Sample post content 770,2022-09-27 06:55:48,7664,40,personal,30,71,122,2836,1,Facebook,0
Sample post content 771,2023-02-28 06:55:48,4716,488,personal,482,61,34,2735,1,Twitter,0
Sample post content 772,2023-02-17 06:55:48,6356,467,business,432,22,128,3154,0,Instagram,1
Sample post content 773,2023-05-30 06:55:48,8339,45,government,81,47,120,3155,1,Instagram,0
Sample post content 774,2023-08-01 06:55:48,8741,488,other,53,71,95,1325,0,Facebook,1
Sample post content 775,2022-11-09 06:55:48,6959,251,personal,213,71,47,1055,1,Instagram,0
Sample post content 776,2022-09-20 06:55:48,2755,26,government,466,61,99,664,0,Instagram,1
Sample post content 777,2022-10-22 06:55:48,3371,156,other,302,32,125,3198,0,Instagram,0
Sample post content 778,2023-05-07 06:55:48,2367,219,personal,247,39,121,304,0,Twitter,1
Sample post content 779,2023-07-18 06:55:48,4196,102,other,410,73,35,1136,0,Instagram,1
Sample post content 780,2022-09-17 06:55:48,954,403,personal,291,44,41,3184,0,Twitter,1
Sample post content 781,2023-04-07 06:55:48,7973,79,government,347,99,49,256,0,Facebook,0
Sample post content 782,2022-09-23 06:55:48,6181,402,other,224,90,57,1568,1,Facebook,0
Sample post content 783,2022-11-05 06:55:48,9185,338,personal,92,50,8,1592,1,Twitter,0
Sample post content 784,2023-07-09 06:55:48,1780,383,other,312,94,104,1363,1,Twitter,1
Sample post content 785,2022-11-23 06:55:48,8552,340,other,194,17,3,247,1,Twitter,0
Sample post content 786,2023-08-18 06:55:48,2142,225,personal,398,84,69,1058,1,Instagram,0
Sample post content 787,2023-03-15 06:55:48,4770,201,other,183,15,105,3330,0,Facebook,1
Sample post content 788,2022-12-10 06:55:48,1474,466,personal,313,95,56,1085,0,Facebook,0
Sample post content 789,2023-02-01 06:55:48,2726,205,other,14,29,51,729,0,Facebook,1
Sample post content 790,2022-10-05 06:55:48,4569,239,business,441,57,52,1805,1,Instagram,0
Sample post content 791,2023-03-03 06:55:48,7461,455,government,350,100,16,285,0,Instagram,1
Sample post content 792,2023-08-04 06:55:48,8510,479,business,450,89,45,2015,0,Facebook,1
Sample post content 793,2022-12-23 06:55:48,2514,474,business,429,20,112,822,1,Facebook,1
Sample post content 794,2022-10-12 06:55:48,7267,203,business,372,12,125,2500,1,Facebook,0
Sample post content 795,2023-03-18 06:55:48,1602,202,business,498,27,83,1609,0,Facebook,0
Sample post content 796,2023-09-02 06:55:48,3737,51,other,456,65,117,731,0,Facebook,1
Sample post content 797,2023-02-05 06:55:48,7491,359,business,66,51,63,2644,1,Twitter,0
Sample post content 798,2023-01-01 06:55:48,5827,348,business,247,100,109,2016,0,Facebook,0
Sample post content 799,2023-07-16 06:55:48,536,457,personal,471,43,103,445,0,Instagram,1
Sample post content 800,2023-01-30 06:55:48,6897,286,government,249,70,10,590,0,Twitter,0
Sample post content 801,2023-03-07 06:55:48,972,78,government,57,78,97,2215,1,Facebook,1
Sample post content 802,2022-10-18 06:55:48,6595,344,government,454,89,80,3149,1,Facebook,0
Sample post content 803,2023-01-16 06:55:48,8324,450,business,210,87,100,1767,0,Twitter,0
Sample post content 804,2022-09-11 06:55:48,6226,188,other,225,90,146,895,1,Twitter,0
Sample post content 805,2023-06-22 06:55:48,3962,70,business,23,6,137,2515,1,Instagram,1
Sample post content 806,2023-01-29 06:55:48,6426,101,personal,32,20,134,2636,0,Facebook,1
Sample post content 807,2023-06-10 06:55:48,1437,285,business,133,49,9,436,1,Instagram,0
Sample post content 808,2022-12-15 06:55:48,6242,211,business,335,81,133,1809,0,Instagram,1
Sample post content 809,2022-10-10 06:55:48,3778,280,government,160,0,27,2931,0,Twitter,1
Sample post content 810,2023-04-23 06:55:48,561,75,other,6,11,115,1061,0,Facebook,1
Sample post content 811,2022-10-28 06:55:48,5321,382,personal,360,18,116,424,0,Facebook,0
Sample post content 812,2022-12-07 06:55:48,1723,124,other,444,60,10,143,1,Facebook,0
Sample post content 813,2023-01-04 06:55:48,5593,437,government,347,76,62,299,1,Facebook,0
Sample post content 814,2023-01-13 06:55:48,2492,11,personal,268,55,132,289,0,Twitter,1
Sample post content 815,2023-01-28 06:55:48,2354,397,business,392,11,137,2341,0,Twitter,1
Sample post content 816,2022-11-09 06:55:48,727,21,government,380,8,101,2981,0,Twitter,0
Sample post content 817,2023-04-24 06:55:48,4800,162,business,295,33,10,1027,1,Twitter,1
Sample post content 818,2023-03-27 06:55:48,7840,247,other,370,28,142,3184,1,Facebook,1
Sample post content 819,2023-05-06 06:55:48,2373,354,business,289,47,99,1827,1,Facebook,1
Sample post content 820,2023-07-26 06:55:48,7785,378,government,114,10,132,77,0,Facebook,0
Sample post content 821,2023-04-19 06:55:48,7449,288,business,500,77,12,2039,1,Facebook,1
Sample post content 822,2023-01-21 06:55:48,186,227,business,489,4,48,610,0,Facebook,0
Sample post content 823,2023-05-07 06:55:48,1398,282,personal,342,92,74,2675,0,Facebook,0
Sample post content 824,2023-01-14 06:55:48,411,204,government,447,49,112,2623,0,Twitter,0
Sample post content 825,2022-11-21 06:55:48,4293,431,personal,173,51,101,4,0,Facebook,0
Sample post content 826,2022-10-31 06:55:48,3633,127,other,265,78,77,155,0,Facebook,1
Sample post content 827,2022-10-01 06:55:48,2549,136,business,267,83,73,2723,1,Twitter,1
Sample post content 828,2023-02-26 06:55:48,9091,245,other,352,66,118,1600,1,Instagram,0
Sample post content 829,2023-03-20 06:55:48,8747,187,business,358,36,42,1092,1,Facebook,1
Sample post content 830,2023-08-25 06:55:48,7034,89,business,316,91,108,621,1,Facebook,0
Sample post content 831,2022-12-29 06:55:48,1921,151,government,48,76,75,2868,0,Twitter,1
Sample post content 832,2023-03-26 06:55:48,4820,106,personal,221,7,13,1351,1,Twitter,1
Sample post content 833,2023-06-07 06:55:48,3993,489,personal,338,99,132,1603,1,Instagram,0
Sample post content 834,2023-01-02 06:55:48,5034,458,personal,372,22,36,2354,0,Facebook,1
Sample post content 835,2023-05-23 06:55:48,2096,381,personal,127,81,118,16,1,Twitter,1
Sample post content 836,2023-03-11 06:55:48,882,401,government,246,63,115,2112,1,Facebook,1
Sample post content 837,2023-04-29 06:55:48,4006,67,other,177,56,23,2899,1,Instagram,1
Sample post content 838,2023-03-18 06:55:48,6978,26,government,339,1,128,3158,0,Facebook,1
Sample post content 839,2023-04-18 06:55:48,7589,424,other,346,25,28,2010,1,Twitter,1
Sample post content 840,2022-11-07 06:55:48,1129,348,other,328,84,46,1959,0,Twitter,0
Sample post content 841,2022-09-14 06:55:48,1916,224,government,197,66,149,1787,1,Twitter,1
Sample post content 842,2023-04-20 06:55:48,8289,324,other,76,36,139,1655,1,Facebook,0
Sample post content 843,2022-11-28 06:55:48,9876,402,business,429,24,34,3458,1,Instagram,1
Sample post content 844,2023-09-03 06:55:48,8882,489,other,423,4,100,2981,1,Facebook,1
Sample post content 845,2022-12-18 06:55:48,369,462,other,285,100,105,3199,0,Instagram,1
Sample post content 846,2023-06-03 06:55:48,8543,465,personal,456,76,82,3328,0,Instagram,0
Sample post content 847,2023-07-27 06:55:48,9521,18,personal,313,65,115,3217,0,Facebook,0
Sample post content 848,2023-05-08 06:55:48,4063,133,business,27,66,6,288,0,Facebook,0
Sample post content 849,2023-02-12 06:55:48,2452,115,government,5,89,45,2213,1,Twitter,0
Sample post content 850,2023-01-01 06:55:48,4872,44,business,329,29,116,926,1,Twitter,0
Sample post content 851,2022-11-28 06:55:48,7132,61,government,478,78,51,14,1,Twitter,0
Sample post content 852,2023-05-08 06:55:48,125,314,government,80,21,116,1575,1,Instagram,0
Sample post content 853,2022-09-20 06:55:48,5880,27,business,258,86,23,2824,0,Instagram,0
Sample post content 854,2023-01-08 06:55:48,4041,238,government,434,4,64,3351,0,Facebook,1
Sample post content 855,2022-10-13 06:55:48,9449,316,personal,240,46,82,3195,1,Instagram,1
Sample post content 856,2022-09-09 06:55:48,6925,354,other,436,30,41,1975,1,Facebook,0
Sample post content 857,2022-12-31 06:55:48,3168,370,other,253,83,31,497,0,Instagram,1
Sample post content 858,2023-01-22 06:55:48,1502,456,other,445,0,23,2324,1,Facebook,0
Sample post content 859,2023-08-31 06:55:48,8676,34,other,84,20,29,2193,1,Twitter,1
Sample post content 860,2023-07-23 06:55:48,6008,135,government,38,11,115,1471,1,Facebook,1
Sample post content 861,2023-04-11 06:55:48,1208,389,personal,384,35,92,1366,0,Instagram,0
Sample post content 862,2023-05-18 06:55:48,8718,32,personal,251,99,21,2793,0,Instagram,1
Sample post content 863,2023-02-13 06:55:48,9014,215,personal,164,51,134,1241,1,Instagram,0
Sample post content 864,2022-09-19 06:55:48,8412,234,government,123,45,98,1641,0,Facebook,0
Sample post content 865,2023-05-07 06:55:48,8416,129,personal,169,85,130,227,0,Facebook,0
Sample post content 866,2023-04-05 06:55:48,9179,286,business,496,50,40,2590,1,Instagram,1
Sample post content 867,2022-10-04 06:55:48,433,121,business,142,51,96,2651,1,Twitter,1
Sample post content 868,2022-11-15 06:55:48,6497,396,government,25,75,140,372,1,Twitter,0
Sample post content 869,2023-03-04 06:55:48,7802,452,other,259,25,97,1497,0,Facebook,0
Sample post content 870,2023-01-09 06:55:48,813,407,business,114,66,11,2190,1,Facebook,1
Sample post content 871,2022-11-29 06:55:48,6438,38,personal,281,1,43,3496,0,Twitter,0
Sample post content 872,2022-12-11 06:55:48,6216,81,other,329,94,85,1393,1,Facebook,0
Sample post content 873,2023-03-16 06:55:48,4255,267,other,193,90,144,330,1,Facebook,0
Sample post content 874,2023-02-03 06:55:48,366,158,personal,206,8,38,3446,1,Instagram,0
Sample post content 875,2022-12-01 06:55:48,5950,129,personal,418,11,41,1883,1,Facebook,1
Sample post content 876,2023-03-23 06:55:48,1206,427,government,120,70,37,3115,1,Instagram,0
Sample post content 877,2023-03-12 06:55:48,5749,479,personal,40,36,45,3140,0,Twitter,1
Sample post content 878,2022-09-14 06:55:48,4050,384,personal,235,92,13,1188,0,Twitter,0
Sample post content 879,2023-01-19 06:55:48,1798,304,government,227,71,107,2654,1,Twitter,1
Sample post content 880,2023-04-23 06:55:48,9633,173,business,410,74,78,832,0,Twitter,1
Sample post content 881,2023-04-05 06:55:48,5547,305,personal,293,44,79,724,1,Twitter,1
Sample post content 882,2023-05-03 06:55:48,2285,316,government,229,44,114,2272,1,Instagram,0
Sample post content 883,2023-05-13 06:55:48,826,405,government,45,35,73,162,1,Twitter,1
Sample post content 884,2023-07-09 06:55:48,5872,354,government,438,28,46,1574,1,Twitter,0
Sample post content 885,2023-06-02 06:55:48,9045,429,business,255,77,30,2707,0,Twitter,1
Sample post content 886,2023-03-31 06:55:48,5646,174,business,228,24,33,783,0,Twitter,0
Sample post content 887,2023-07-09 06:55:48,2968,131,other,161,58,51,1225,0,Twitter,0
Sample post content 888,2022-12-08 06:55:48,7712,164,government,60,51,0,2851,1,Instagram,1
Sample post content 889,2022-09-20 06:55:48,7940,458,business,254,73,64,1598,0,Twitter,1
Sample post content 890,2023-06-06 06:55:48,3086,83,government,381,0,3,438,0,Facebook,1
Sample post content 891,2023-06-02 06:55:48,2309,348,business,334,33,117,2584,1,Instagram,1
Sample post content 892,2023-05-21 06:55:48,1133,276,business,9,22,127,2822,0,Facebook,1
Sample post content 893,2023-01-04 06:55:48,7598,123,government,52,52,127,1472,1,Twitter,0
Sample post content 894,2023-04-20 06:55:48,705,221,government,206,64,139,1993,1,Facebook,0
Sample post content 895,2022-11-11 06:55:48,4907,163,other,211,13,1,348,0,Facebook,1
Sample post content 896,2022-12-14 06:55:48,3402,150,government,18,71,126,3626,0,Facebook,0
Sample post content 897,2022-11-07 06:55:48,817,41,business,285,9,60,2592,0,Twitter,1
Sample post content 898,2023-04-17 06:55:48,3368,295,government,281,64,55,1794,0,Facebook,0
Sample post content 899,2023-07-19 06:55:48,786,495,other,0,37,150,3012,0,Instagram,1
Sample post content 900,2023-06-01 06:55:48,5270,312,business,422,43,121,777,1,Facebook,1
Sample post content 901,2023-04-10 06:55:48,5180,460,government,46,14,116,574,1,Facebook,0
Sample post content 902,2023-05-15 06:55:48,8544,386,business,405,65,104,147,1,Instagram,1
Sample post content 903,2023-03-08 06:55:48,6624,476,personal,309,32,113,791,1,Twitter,0
Sample post content 904,2023-06-09 06:55:48,8997,99,personal,493,68,20,104,0,Instagram,1
Sample post content 905,2023-04-07 06:55:48,7856,330,government,316,73,1,2949,1,Twitter,1
Sample post content 906,2023-09-01 06:55:48,4250,357,government,326,32,62,2429,0,Twitter,1
Sample post content 907,2022-09-11 06:55:48,699,228,other,155,88,140,977,1,Facebook,1
Sample post content 908,2022-12-09 06:55:48,3231,294,other,455,56,71,2004,1,Instagram,0
Sample post content 909,2023-07-06 06:55:48,4787,263,government,260,48,142,1593,0,Twitter,0
Sample post content 910,2023-04-21 06:55:48,5948,34,personal,287,72,53,259,0,Facebook,1
Sample post content 911,2023-08-16 06:55:48,883,186,business,105,61,12,3248,1,Facebook,0
Sample post content 912,2023-08-12 06:55:48,5538,492,other,335,98,47,2215,1,Instagram,1
Sample post content 913,2022-11-29 06:55:48,4576,339,government,343,31,37,2636,0,Instagram,1
Sample post content 914,2023-04-12 06:55:48,2139,353,government,233,96,14,1261,1,Facebook,0
Sample post content 915,2022-09-16 06:55:48,6129,205,personal,486,43,89,2047,1,Instagram,0
Sample post content 916,2023-07-06 06:55:48,7259,412,business,174,99,9,2188,0,Twitter,1
Sample post content 917,2022-10-17 06:55:48,6653,278,business,186,58,37,3418,0,Twitter,1
Sample post content 918,2022-12-31 06:55:48,7304,173,personal,422,87,8,3326,0,Twitter,0
Sample post content 919,2023-07-18 06:55:48,6434,366,business,27,58,147,1841,0,Facebook,0
Sample post content 920,2023-09-02 06:55:48,5654,223,business,418,75,76,68,0,Twitter,0
Sample post content 921,2022-11-19 06:55:48,3160,219,government,114,3,84,152,1,Twitter,1
Sample post content 922,2023-04-16 06:55:48,8229,86,other,432,61,22,1390,0,Facebook,0
Sample post content 923,2023-01-11 06:55:48,8251,163,other,232,14,12,230,1,Facebook,1
Sample post content 924,2023-01-06 06:55:48,6118,202,government,169,33,27,1384,0,Facebook,0
Sample post content 925,2023-01-26 06:55:48,8607,104,government,286,8,106,3227,0,Instagram,0
Sample post content 926,2023-03-18 06:55:48,4469,396,business,392,48,45,2954,1,Instagram,1
Sample post content 927,2023-06-06 06:55:48,1453,285,personal,317,81,41,176,1,Instagram,0
Sample post content 928,2023-08-13 06:55:48,7055,252,personal,307,100,72,1661,1,Facebook,1
Sample post content 929,2023-05-02 06:55:48,1393,133,government,242,28,146,485,0,Twitter,1
Sample post content 930,2023-01-07 06:55:48,7155,444,business,366,86,143,868,0,Facebook,1
Sample post content 931,2023-07-12 06:55:48,9970,125,other,336,89,45,3306,1,Instagram,1
Sample post content 932,2023-08-06 06:55:48,3056,163,government,186,29,116,2679,0,Instagram,1
Sample post content 933,2023-02-15 06:55:48,9037,449,personal,366,40,148,2734,0,Facebook,1
Sample post content 934,2022-12-31 06:55:48,4913,372,business,231,52,92,2143,0,Facebook,0
Sample post content 935,2023-08-02 06:55:48,5362,83,business,58,45,9,1878,1,Twitter,1
Sample post content 936,2022-11-17 06:55:48,1780,422,personal,49,66,23,2778,1,Instagram,0
Sample post content 937,2022-10-21 06:55:48,1411,247,business,388,68,76,3565,1,Facebook,1
Sample post content 938,2022-09-22 06:55:48,5472,478,other,337,1,82,3581,0,Facebook,1
Sample post content 939,2023-08-12 06:55:48,4943,39,business,113,89,94,2198,0,Instagram,0
Sample post content 940,2023-06-23 06:55:48,5121,297,business,1,33,97,611,0,Facebook,0
Sample post content 941,2023-06-24 06:55:48,7405,221,other,174,31,17,3036,0,Facebook,1
Sample post content 942,2022-11-24 06:55:48,9973,223,other,181,36,109,2374,1,Facebook,1
Sample post content 943,2023-04-06 06:55:48,7081,295,government,424,11,140,955,1,Instagram,0
Sample post content 944,2023-07-27 06:55:48,2830,281,other,324,51,16,296,1,Facebook,1
Sample post content 945,2023-05-04 06:55:48,7372,78,personal,493,86,74,152,1,Twitter,0
Sample post content 946,2023-07-10 06:55:48,5859,208,business,409,95,120,3013,0,Instagram,0
Sample post content 947,2022-11-27 06:55:48,7425,134,other,149,43,34,580,1,Facebook,0
Sample post content 948,2023-02-07 06:55:48,793,140,personal,280,9,31,2003,0,Twitter,1
Sample post content 949,2022-11-02 06:55:48,5876,114,personal,267,70,70,2679,0,Twitter,0
Sample post content 950,2022-11-07 06:55:48,7226,179,business,191,22,84,79,1,Facebook,0
Sample post content 951,2022-10-27 06:55:48,4598,341,personal,359,60,134,1931,0,Facebook,1
Sample post content 952,2023-05-16 06:55:48,1039,50,business,54,40,105,2533,1,Twitter,1
Sample post content 953,2022-12-15 06:55:48,1329,482,other,23,45,134,188,0,Instagram,1
Sample post content 954,2023-02-26 06:55:48,6755,240,personal,459,27,53,995,1,Twitter,0
Sample post content 955,2023-01-21 06:55:48,6052,443,personal,84,73,53,2873,0,Twitter,0
Sample post content 956,2023-01-25 06:55:48,8506,199,other,252,34,14,2658,0,Instagram,0
Sample post content 957,2023-04-09 06:55:48,2721,57,other,71,23,27,535,1,Twitter,1
Sample post content 958,2022-11-11 06:55:48,610,284,business,420,95,146,59,1,Facebook,1
Sample post content 959,2023-02-01 06:55:48,2439,380,other,367,87,135,706,0,Twitter,0
Sample post content 960,2023-04-05 06:55:48,7279,434,other,380,24,22,2592,1,Twitter,1
Sample post content 961,2022-11-21 06:55:48,670,107,government,369,63,123,205,0,Facebook,1
Sample post content 962,2022-10-26 06:55:48,2168,36,business,209,94,73,1259,1,Facebook,1
Sample post content 963,2023-08-09 06:55:48,1201,147,government,54,25,109,3362,1,Facebook,0
Sample post content 964,2022-10-31 06:55:48,3966,203,government,130,30,81,3251,0,Facebook,1
Sample post content 965,2023-07-20 06:55:48,6101,354,business,312,94,66,399,0,Facebook,1
Sample post content 966,2023-05-25 06:55:48,6033,319,personal,100,30,134,1869,1,Facebook,1
Sample post content 967,2022-10-23 06:55:48,6372,318,business,96,33,147,2504,0,Twitter,0
Sample post content 968,2023-05-23 06:55:48,9393,30,other,61,26,90,700,1,Twitter,0
Sample post content 969,2023-04-26 06:55:48,630,457,business,476,29,33,3422,1,Facebook,0
Sample post content 970,2022-10-05 06:55:48,2613,47,government,436,25,144,2421,0,Twitter,0
Sample post content 971,2023-07-29 06:55:48,7471,106,other,201,31,127,262,1,Twitter,0
Sample post content 972,2023-06-20 06:55:48,6177,421,government,110,79,133,3350,1,Instagram,0
Sample post content 973,2023-05-09 06:55:48,6195,399,government,234,45,127,3349,1,Twitter,1
Sample post content 974,2023-06-12 06:55:48,7373,310,business,422,19,126,436,0,Facebook,0
Sample post content 975,2022-11-30 06:55:48,1359,380,personal,400,99,46,468,0,Facebook,0
Sample post content 976,2023-08-01 06:55:48,9503,353,business,97,13,59,2037,0,Twitter,0
Sample post content 977,2023-06-20 06:55:48,2355,296,government,366,15,74,2438,0,Twitter,1
Sample post content 978,2023-09-07 06:55:48,8774,121,business,173,10,49,3274,1,Twitter,1
Sample post content 979,2023-02-11 06:55:48,6112,255,personal,55,86,0,2522,0,Twitter,0
Sample post content 980,2023-01-21 06:55:48,6621,116,personal,387,84,30,904,1,Facebook,1
Sample post content 981,2022-09-21 06:55:48,5250,455,personal,212,63,6,259,1,Facebook,1
Sample post content 982,2022-11-08 06:55:48,4666,474,other,23,78,119,3296,0,Facebook,1
Sample post content 983,2023-01-11 06:55:48,4189,180,government,474,0,30,831,0,Instagram,1
Sample post content 984,2023-04-12 06:55:48,1958,165,business,324,97,53,1746,1,Twitter,1
Sample post content 985,2023-08-23 06:55:48,524,499,personal,428,69,106,1382,1,Instagram,0
Sample post content 986,2023-05-13 06:55:48,3148,475,personal,344,5,105,3324,1,Instagram,1
Sample post content 987,2023-04-14 06:55:48,8276,17,government,301,61,11,3424,1,Instagram,0
Sample post content 988,2022-09-12 06:55:48,8582,118,other,63,47,85,3023,1,Twitter,0
Sample post content 989,2023-04-17 06:55:48,6440,489,business,395,79,89,2779,0,Facebook,0
Sample post content 990,2022-09-14 06:55:48,9302,107,personal,456,40,143,1647,0,Twitter,0
Sample post content 991,2023-01-19 06:55:48,2029,389,other,230,63,54,1329,0,Instagram,1
Sample post content 992,2023-08-03 06:55:48,4388,70,business,234,73,2,495,1,Instagram,0
Sample post content 993,2022-09-22 06:55:48,4364,392,other,337,35,51,2803,0,Facebook,1
Sample post content 994,2023-05-12 06:55:48,7411,396,business,301,62,72,2360,1,Twitter,0
Sample post content 995,2023-04-26 06:55:48,3615,255,government,489,23,65,2236,1,Instagram,1
Sample post content 996,2022-10-23 06:55:48,4778,478,business,258,97,17,563,1,Twitter,0
Sample post content 997,2022-11-11 06:55:48,8147,134,business,68,65,78,1318,0,Facebook,1
Sample post content 998,2022-10-05 06:55:48,3379,366,business,493,35,76,3427,0,Instagram,0
Sample post content 999,2023-05-30 06:55:48,2109,319,personal,255,50,129,3249,1,Instagram,0
